global_step,phase,max_allocated_bytes,max_reserved_bytes,max_allocated_gb,max_reserved_gb
1,train,60828099072,62134419456,56.6506,57.8672
2,train,73162402816,74226597888,68.1378,69.1289
3,train,73558091776,74625056768,68.5063,69.5
4,train,73256801792,74625056768,68.2257,69.5
5,train,73208546304,74625056768,68.1808,69.5
6,train,73184043008,74625056768,68.158,69.5
7,train,73511930880,74625056768,68.4633,69.5
8,train,73256801792,74625056768,68.2257,69.5
9,train,73255864832,74625056768,68.2248,69.5
10,train,73638834688,74625056768,68.5815,69.5
11,train,73372147200,74625056768,68.3331,69.5
12,train,73225782272,74625056768,68.1968,69.5
13,train,73557433344,74625056768,68.5057,69.5
14,train,73158075904,74625056768,68.1338,69.5
15,train,73255864832,74625056768,68.2248,69.5
16,train,73513020416,74625056768,68.4643,69.5
17,train,73398406656,74625056768,68.3576,69.5
18,train,73184043008,74625056768,68.158,69.5
19,train,73208546304,74625056768,68.1808,69.5
20,train,73209483264,74625056768,68.1816,69.5
21,train,73511930880,74625056768,68.4633,69.5
22,train,73595184640,74625056768,68.5409,69.5
23,train,73594062336,74625056768,68.5398,69.5
24,train,73438495232,74625056768,68.3949,69.5
25,train,73826484224,74776051712,68.7563,69.6406
26,train,73158339584,74776051712,68.134,69.6406
27,train,73594288640,74776051712,68.54,69.6406
28,train,73225782272,74776051712,68.1968,69.6406
29,train,73398406656,74776051712,68.3576,69.6406
30,train,73373457920,74776051712,68.3344,69.6406
31,train,73511783424,74776051712,68.4632,69.6406
32,train,73225782272,74776051712,68.1968,69.6406
33,train,73438093824,74776051712,68.3946,69.6406
34,train,73209483264,74776051712,68.1816,69.6406
35,train,73438093824,74776051712,68.3946,69.6406
36,train,73477796864,74776051712,68.4315,69.6406
37,train,73725166592,74776051712,68.6619,69.6406
38,train,73337137664,74776051712,68.3005,69.6406
39,train,73183106048,74776051712,68.1571,69.6406
40,train,73399700992,74776051712,68.3588,69.6406
41,train,73372147200,74776051712,68.3331,69.6406
42,train,73512872960,74776051712,68.4642,69.6406
43,train,73372147200,74776051712,68.3331,69.6406
44,train,73337137664,74776051712,68.3005,69.6406
45,train,73335826944,74776051712,68.2993,69.6406
46,train,73438495232,74776051712,68.3949,69.6406
47,train,73255856128,74776051712,68.2248,69.6406
48,train,73399700992,74776051712,68.3588,69.6406
49,train,73372147200,74776051712,68.3331,69.6406
50,train,73225782272,74776051712,68.1968,69.6406
51,train,73637327360,74776051712,68.5801,69.6406
52,train,73256793088,74776051712,68.2257,69.6406
53,train,73476379648,74776051712,68.4302,69.6406
54,train,73399700992,74776051712,68.3588,69.6406
55,train,73224845312,74776051712,68.196,69.6406
56,train,73477796864,74776051712,68.4315,69.6406
57,train,73594288640,74776051712,68.54,69.6406
58,train,73477796864,74776051712,68.4315,69.6406
59,train,73224845312,74776051712,68.196,69.6406
60,train,73184043008,74776051712,68.158,69.6406
61,train,73372147200,74776051712,68.3331,69.6406
62,train,73940649984,74935435264,68.8626,69.7891
63,train,73475160064,74935435264,68.4291,69.7891
64,train,73512594432,74935435264,68.4639,69.7891
65,train,73398547456,74935435264,68.3577,69.7891
66,train,73336705024,74935435264,68.3001,69.7891
67,train,73475160064,74935435264,68.4291,69.7891
68,train,73256793088,74935435264,68.2257,69.7891
69,train,73335394304,74935435264,68.2989,69.7891
70,train,73373312000,74935435264,68.3342,69.7891
71,train,73558907904,74935435264,68.5071,69.7891
72,train,73157518848,74935435264,68.1332,69.7891
73,train,73724909056,74935435264,68.6617,69.7891
74,train,73559661568,74935435264,68.5078,69.7891
75,train,73558907904,74935435264,68.5071,69.7891
76,train,73559661568,74935435264,68.5078,69.7891
77,train,73866014720,74935435264,68.7931,69.7891
78,train,73225782272,74935435264,68.1968,69.7891
79,train,73398547456,74935435264,68.3577,69.7891
80,train,73336705024,74935435264,68.3001,69.7891
81,train,73438093824,74935435264,68.3946,69.7891
82,train,73373312000,74935435264,68.3342,69.7891
83,train,73183106048,74935435264,68.1571,69.7891
84,train,73438495232,74935435264,68.3949,69.7891
85,train,73335394304,74935435264,68.2989,69.7891
86,train,73256793088,74935435264,68.2257,69.7891
87,train,73255856128,74935435264,68.2248,69.7891
88,train,73336705024,74935435264,68.3001,69.7891
89,train,73372001280,74935435264,68.333,69.7891
90,train,73438495232,74935435264,68.3949,69.7891
91,train,73475160064,74935435264,68.4291,69.7891
92,train,73373312000,74935435264,68.3342,69.7891
93,train,73208546304,74935435264,68.1808,69.7891
94,train,73336705024,74935435264,68.3001,69.7891
95,train,73224845312,74935435264,68.196,69.7891
96,train,73209483264,74935435264,68.1816,69.7891
97,train,73475160064,74935435264,68.4291,69.7891
98,train,73373312000,74935435264,68.3342,69.7891
99,train,73438093824,74935435264,68.3946,69.7891
100,train,73373312000,74935435264,68.3342,69.7891
101,train,73866014720,74935435264,68.7931,69.7891
102,train,73256793088,74935435264,68.2257,69.7891
103,train,73558907904,74935435264,68.5071,69.7891
104,train,73209483264,74935435264,68.1816,69.7891
105,train,73335394304,74935435264,68.2989,69.7891
106,train,73725875712,74935435264,68.6626,69.7891
107,train,73224845312,74935435264,68.196,69.7891
108,train,73638425088,74935435264,68.5811,69.7891
109,train,73208546304,74935435264,68.1808,69.7891
110,train,73256793088,74935435264,68.2257,69.7891
111,train,73099474432,74935435264,68.0792,69.7891
112,train,73399841792,74935435264,68.3589,69.7891
113,train,73511504896,74935435264,68.4629,69.7891
114,train,73336705024,74935435264,68.3001,69.7891
115,train,73255856128,74935435264,68.2248,69.7891
116,train,74402966528,75686215680,69.2932,70.4883
117,train,73476382208,75686215680,68.4302,70.4883
118,train,73394302464,75686215680,68.3538,70.4883
119,train,73511309824,75686215680,68.4627,70.4883
120,train,73477799424,75686215680,68.4315,70.4883
121,train,73371328000,75686215680,68.3324,70.4883
122,train,73372638720,75686215680,68.3336,70.4883
123,train,73333082624,75686215680,68.2968,70.4883
124,train,73372638720,75686215680,68.3336,70.4883
125,train,73393008128,75686215680,68.3526,70.4883
125,eval,26290878464,76724305920,24.4853,71.4551
125,eval,26288617984,76724305920,24.4832,71.4551
125,eval,26343013376,76724305920,24.5338,71.4551
125,eval,26305246208,76724305920,24.4987,71.4551
125,eval,26349742080,76724305920,24.5401,71.4551
125,eval,26320992768,76724305920,24.5133,71.4551
125,eval,26261196800,76724305920,24.4576,71.4551
125,eval,26305704960,76724305920,24.4991,71.4551
125,eval,26261426176,76726403072,24.4579,71.457
125,eval,26295158784,76726403072,24.4893,71.457
125,eval,26254935040,76726403072,24.4518,71.457
125,eval,26263450112,76726403072,24.4597,71.457
125,eval,26226970624,76726403072,24.4258,71.457
125,eval,26269824000,76726403072,24.4657,71.457
125,eval,26262114816,76726403072,24.4585,71.457
125,eval,26263908864,76726403072,24.4602,71.457
125,eval,26262344192,76726403072,24.4587,71.457
125,eval,26287698432,76726403072,24.4823,71.457
125,eval,26308114432,76726403072,24.5013,71.457
125,eval,26296748544,76726403072,24.4908,71.457
125,eval,26358915072,76726403072,24.5487,71.457
125,eval,26270955008,76726403072,24.4667,71.457
125,eval,26263131136,76726403072,24.4594,71.457
125,eval,26407076352,76726403072,24.5935,71.457
125,eval,26291961856,76726403072,24.4863,71.457
125,eval,26309450240,76726403072,24.5026,71.457
125,eval,26325499904,76726403072,24.5175,71.457
125,eval,26362061312,76726403072,24.5516,71.457
125,eval,26271242240,76726403072,24.467,71.457
125,eval,26296730112,76726403072,24.4907,71.457
125,eval,26290787328,76726403072,24.4852,71.457
125,eval,26362118656,76726403072,24.5516,71.457
125,eval,26266162688,76726403072,24.4623,71.457
125,eval,26383096832,76726403072,24.5712,71.457
125,eval,26290787840,76726403072,24.4852,71.457
125,eval,26326934016,76726403072,24.5189,71.457
125,eval,26345817088,76726403072,24.5365,71.457
125,eval,26265663488,76726403072,24.4618,71.457
125,eval,26345817088,76726403072,24.5365,71.457
125,eval,26296730624,76726403072,24.4907,71.457
125,eval,26330437632,76726403072,24.5221,71.457
125,eval,26324354048,76726403072,24.5165,71.457
125,eval,26308673024,76726403072,24.5019,71.457
125,eval,26331027968,76726403072,24.5227,71.457
125,eval,26310344192,76726403072,24.5034,71.457
125,eval,26298634240,76726403072,24.4925,71.457
125,eval,26271276032,76726403072,24.467,71.457
125,eval,26294240768,76726403072,24.4884,71.457
125,eval,26295191040,76726403072,24.4893,71.457
125,eval,26299093504,76726403072,24.4929,71.457
125,eval,26253667840,76726403072,24.4506,71.457
125,eval,26356167680,76726403072,24.5461,71.457
125,eval,26334698496,76726403072,24.5261,71.457
125,eval,25777660928,76726403072,24.0073,71.457
126,train,73394302464,76726403072,68.3538,71.457
127,train,73333082624,76726403072,68.2968,71.457
128,train,73206370304,76726403072,68.1787,71.457
129,train,73371328000,76726403072,68.3324,71.457
130,train,73256563712,76726403072,68.2255,71.457
131,train,73791866368,76726403072,68.724,71.457
132,train,73559956480,76726403072,68.508,71.457
133,train,73443227136,76726403072,68.3993,71.457
134,train,73334393344,76726403072,68.298,71.457
135,train,73255626752,76726403072,68.2246,71.457
136,train,73206370304,76726403072,68.1787,71.457
137,train,73333082624,76726403072,68.2968,71.457
138,train,73512399360,76726403072,68.4638,71.457
139,train,73476382208,76726403072,68.4302,71.457
140,train,73256563712,76726403072,68.2255,71.457
141,train,73371328000,76726403072,68.3324,71.457
142,train,73512399360,76726403072,68.4638,71.457
143,train,73227057152,76726403072,68.198,71.457
144,train,73372638720,76726403072,68.3336,71.457
145,train,73443227136,76726403072,68.3993,71.457
146,train,73206370304,76726403072,68.1787,71.457
147,train,73791866368,76726403072,68.724,71.457
148,train,73477799424,76726403072,68.4315,71.457
149,train,73637351936,76726403072,68.5801,71.457
150,train,73227994112,76726403072,68.1989,71.457
151,train,73791866368,76726403072,68.724,71.457
152,train,73206370304,76726403072,68.1787,71.457
153,train,73333082624,76726403072,68.2968,71.457
154,train,73227994112,76726403072,68.1989,71.457
155,train,73393008128,76726403072,68.3526,71.457
156,train,73372638720,76726403072,68.3336,71.457
157,train,73393008128,76726403072,68.3526,71.457
158,train,73559956480,76726403072,68.508,71.457
159,train,73184449536,76726403072,68.1583,71.457
160,train,73206370304,76726403072,68.1787,71.457
161,train,73371328000,76726403072,68.3324,71.457
162,train,73227994112,76726403072,68.1989,71.457
163,train,73511309824,76726403072,68.4627,71.457
164,train,73372638720,76726403072,68.3336,71.457
165,train,73255626752,76726403072,68.2246,71.457
166,train,73227994112,76726403072,68.1989,71.457
167,train,73476382208,76726403072,68.4302,71.457
168,train,73256563712,76726403072,68.2255,71.457
169,train,73443227136,76726403072,68.3993,71.457
170,train,73477799424,76726403072,68.4315,71.457
171,train,73255626752,76726403072,68.2246,71.457
172,train,73227994112,76726403072,68.1989,71.457
173,train,73476382208,76726403072,68.4302,71.457
174,train,73443628544,76726403072,68.3997,71.457
175,train,73637351936,76726403072,68.5801,71.457
176,train,73683747328,76726403072,68.6233,71.457
177,train,73682739712,76726403072,68.6224,71.457
178,train,73443628544,76726403072,68.3997,71.457
179,train,73637351936,76726403072,68.5801,71.457
180,train,73227994112,76726403072,68.1989,71.457
181,train,73371328000,76726403072,68.3324,71.457
182,train,73477799424,76726403072,68.4315,71.457
183,train,73637351936,76726403072,68.5801,71.457
184,train,73155454464,76726403072,68.1313,71.457
185,train,73682739712,76726403072,68.6224,71.457
186,train,73096675840,76726403072,68.0766,71.457
187,train,73255626752,76726403072,68.2246,71.457
188,train,73256563712,76726403072,68.2255,71.457
189,train,73227057152,76726403072,68.198,71.457
190,train,73334393344,76726403072,68.298,71.457
191,train,73593729024,76726403072,68.5395,71.457
192,train,73729750528,76726403072,68.6662,71.457
193,train,73255626752,76726403072,68.2246,71.457
194,train,73334393344,76726403072,68.298,71.457
195,train,73371328000,76726403072,68.3324,71.457
196,train,73594818560,76726403072,68.5405,71.457
197,train,73863540736,76726403072,68.7908,71.457
198,train,73227994112,76726403072,68.1989,71.457
199,train,73255626752,76726403072,68.2246,71.457
200,train,73594818560,76726403072,68.5405,71.457
201,train,73255626752,76726403072,68.2246,71.457
202,train,73372638720,76726403072,68.3336,71.457
203,train,73121491456,76726403072,68.0997,71.457
204,train,73867743232,76726403072,68.7947,71.457
205,train,73443227136,76726403072,68.3993,71.457
206,train,73594818560,76726403072,68.5405,71.457
207,train,73255626752,76726403072,68.2246,71.457
208,train,73594818560,76726403072,68.5405,71.457
209,train,73333082624,76726403072,68.2968,71.457
210,train,73227994112,76726403072,68.1989,71.457
211,train,73227057152,76726403072,68.198,71.457
212,train,73443628544,76726403072,68.3997,71.457
213,train,73511309824,76726403072,68.4627,71.457
214,train,73394302464,76726403072,68.3538,71.457
215,train,73333082624,76726403072,68.2968,71.457
216,train,73372638720,76726403072,68.3336,71.457
217,train,73227057152,76726403072,68.198,71.457
218,train,73559956480,76726403072,68.508,71.457
219,train,73184449536,76726403072,68.1583,71.457
220,train,73206370304,76726403072,68.1787,71.457
221,train,73682739712,76726403072,68.6224,71.457
222,train,73559956480,76726403072,68.508,71.457
223,train,73559374848,76726403072,68.5075,71.457
224,train,73227994112,76726403072,68.1989,71.457
225,train,73371328000,76726403072,68.3324,71.457
226,train,73185386496,76726403072,68.1592,71.457
227,train,73476382208,76726403072,68.4302,71.457
228,train,73559956480,76726403072,68.508,71.457
229,train,73333082624,76726403072,68.2968,71.457
230,train,73559956480,76726403072,68.508,71.457
231,train,73393008128,76726403072,68.3526,71.457
232,train,73477799424,76726403072,68.4315,71.457
233,train,73593729024,76726403072,68.5395,71.457
234,train,73256563712,76726403072,68.2255,71.457
235,train,73511309824,76726403072,68.4627,71.457
236,train,73372638720,76726403072,68.3336,71.457
237,train,73476382208,76726403072,68.4302,71.457
238,train,73206370304,76726403072,68.1787,71.457
239,train,73255626752,76726403072,68.2246,71.457
240,train,73594818560,76726403072,68.5405,71.457
241,train,73443227136,76726403072,68.3993,71.457
242,train,73512399360,76726403072,68.4638,71.457
243,train,73393008128,76726403072,68.3526,71.457
244,train,73256563712,76726403072,68.2255,71.457
245,train,73227057152,76726403072,68.198,71.457
246,train,73512399360,76726403072,68.4638,71.457
247,train,73393008128,76726403072,68.3526,71.457
248,train,73559956480,76726403072,68.508,71.457
249,train,73511309824,76726403072,68.4627,71.457
250,train,73394302464,76726403072,68.3538,71.457
250,eval,26290878464,76726403072,24.4853,71.457
250,eval,26289928704,76726403072,24.4844,71.457
250,eval,26343013376,76726403072,24.5338,71.457
250,eval,26307810304,76726403072,24.5011,71.457
250,eval,26349742080,76726403072,24.5401,71.457
250,eval,26324089344,76726403072,24.5162,71.457
250,eval,26261196800,76726403072,24.4576,71.457
250,eval,26308269056,76726403072,24.5015,71.457
250,eval,26261426176,76726403072,24.4579,71.457
250,eval,26297763840,76726403072,24.4917,71.457
250,eval,26254935040,76726403072,24.4518,71.457
250,eval,26263843328,76726403072,24.4601,71.457
250,eval,26226970624,76726403072,24.4258,71.457
250,eval,26270217216,76726403072,24.466,71.457
250,eval,26262114816,76726403072,24.4585,71.457
250,eval,26264302080,76726403072,24.4605,71.457
250,eval,26262344192,76726403072,24.4587,71.457
250,eval,26289009152,76726403072,24.4835,71.457
250,eval,26308114432,76726403072,24.5013,71.457
250,eval,26299353600,76726403072,24.4932,71.457
250,eval,26358915072,76726403072,24.5487,71.457
250,eval,26271348224,76726403072,24.4671,71.457
250,eval,26263131136,76726403072,24.4594,71.457
250,eval,26407076352,76726403072,24.5935,71.457
250,eval,26291945472,76726403072,24.4863,71.457
250,eval,26308770304,76726403072,24.502,71.457
250,eval,26325499904,76726403072,24.5175,71.457
250,eval,26361643520,76726403072,24.5512,71.457
250,eval,26271250432,76726403072,24.467,71.457
250,eval,26295583232,76726403072,24.4897,71.457
250,eval,26290541568,76726403072,24.485,71.457
250,eval,26361643520,76726403072,24.5512,71.457
250,eval,26266719744,76726403072,24.4628,71.457
250,eval,26384669696,76726403072,24.5726,71.457
250,eval,26290542080,76726403072,24.485,71.457
250,eval,26325770752,76726403072,24.5178,71.457
250,eval,26345817088,76726403072,24.5365,71.457
250,eval,26268104704,76726403072,24.4641,71.457
250,eval,26345817088,76726403072,24.5365,71.457
250,eval,26296730624,76726403072,24.4907,71.457
250,eval,26330437632,76726403072,24.5221,71.457
250,eval,26325771264,76726403072,24.5178,71.457
250,eval,26308673024,76726403072,24.5019,71.457
250,eval,26333346304,76726403072,24.5248,71.457
250,eval,26310344192,76726403072,24.5034,71.457
250,eval,26302124032,76726403072,24.4958,71.457
250,eval,26271276032,76726403072,24.467,71.457
250,eval,26295551488,76726403072,24.4896,71.457
250,eval,26295191040,76726403072,24.4893,71.457
250,eval,26302583296,76726403072,24.4962,71.457
250,eval,26253667840,76726403072,24.4506,71.457
250,eval,26357912576,76726403072,24.5477,71.457
250,eval,26334698496,76726403072,24.5261,71.457
250,eval,25778971648,76726403072,24.0085,71.457
251,train,73393008128,76726403072,68.3526,71.457
252,train,50720005632,76952895488,47.2367,71.668
253,train,73393008128,76952895488,68.3526,71.668
254,train,73185386496,76952895488,68.1592,71.668
255,train,73443227136,76952895488,68.3993,71.668
256,train,73334393344,76952895488,68.298,71.668
257,train,73333082624,76952895488,68.2968,71.668
258,train,73443628544,76952895488,68.3997,71.668
259,train,73393008128,76952895488,68.3526,71.668
260,train,73791809024,76952895488,68.724,71.668
261,train,73511309824,76952895488,68.4627,71.668
262,train,73512399360,76952895488,68.4638,71.668
263,train,73476382208,76952895488,68.4302,71.668
264,train,73256563712,76952895488,68.2255,71.668
265,train,73637351936,76952895488,68.5801,71.668
266,train,73559956480,76952895488,68.508,71.668
267,train,73393008128,76952895488,68.3526,71.668
268,train,73477799424,76952895488,68.4315,71.668
269,train,73255626752,76952895488,68.2246,71.668
270,train,73477799424,76952895488,68.4315,71.668
271,train,73443227136,76952895488,68.3993,71.668
272,train,73227994112,76952895488,68.1989,71.668
273,train,73371328000,76952895488,68.3324,71.668
274,train,73227994112,76952895488,68.1989,71.668
275,train,73255626752,76952895488,68.2246,71.668
276,train,73155454464,76952895488,68.1313,71.668
277,train,73511309824,76952895488,68.4627,71.668
278,train,73477799424,76952895488,68.4315,71.668
279,train,73333082624,76952895488,68.2968,71.668
280,train,73683747328,76952895488,68.6233,71.668
281,train,73184449536,76952895488,68.1583,71.668
282,train,73227994112,76952895488,68.1989,71.668
283,train,73637351936,76952895488,68.5801,71.668
284,train,73594818560,76952895488,68.5405,71.668
285,train,73511309824,76952895488,68.4627,71.668
286,train,73594818560,76952895488,68.5405,71.668
287,train,73255626752,76952895488,68.2246,71.668
288,train,73729750528,76952895488,68.6662,71.668
289,train,73593729024,76952895488,68.5395,71.668
290,train,73394302464,76952895488,68.3538,71.668
291,train,73227057152,76952895488,68.198,71.668
292,train,73256563712,76952895488,68.2255,71.668
293,train,73371328000,76952895488,68.3324,71.668
294,train,73477799424,76952895488,68.4315,71.668
295,train,73255626752,76952895488,68.2246,71.668
296,train,73477799424,76952895488,68.4315,71.668
297,train,73476382208,76952895488,68.4302,71.668
298,train,73334393344,76952895488,68.298,71.668
299,train,73637351936,76952895488,68.5801,71.668
300,train,73372638720,76952895488,68.3336,71.668
301,train,73255626752,76952895488,68.2246,71.668
302,train,73334393344,76952895488,68.298,71.668
303,train,73255626752,76952895488,68.2246,71.668
304,train,73394302464,76952895488,68.3538,71.668
305,train,73371328000,76952895488,68.3324,71.668
306,train,73559956480,76952895488,68.508,71.668
307,train,73443227136,76952895488,68.3993,71.668
308,train,73372638720,76952895488,68.3336,71.668
309,train,73184449536,76952895488,68.1583,71.668
310,train,73443628544,76952895488,68.3997,71.668
311,train,73371328000,76952895488,68.3324,71.668
312,train,73594818560,76952895488,68.5405,71.668
313,train,73152879104,76952895488,68.1289,71.668
314,train,73443628544,76952895488,68.3997,71.668
315,train,73227057152,76952895488,68.198,71.668
316,train,73227994112,76952895488,68.1989,71.668
317,train,73511309824,76952895488,68.4627,71.668
318,train,73394302464,76952895488,68.3538,71.668
319,train,73443227136,76952895488,68.3993,71.668
320,train,73334393344,76952895488,68.298,71.668
321,train,73476382208,76952895488,68.4302,71.668
322,train,73394302464,76952895488,68.3538,71.668
323,train,73559374848,76952895488,68.5075,71.668
324,train,73477799424,76952895488,68.4315,71.668
325,train,73371328000,76952895488,68.3324,71.668
326,train,73729750528,76952895488,68.6662,71.668
327,train,73443227136,76952895488,68.3993,71.668
328,train,73394302464,76952895488,68.3538,71.668
329,train,73682739712,76952895488,68.6224,71.668
330,train,73683747328,76952895488,68.6233,71.668
331,train,73863540736,76952895488,68.7908,71.668
332,train,73559956480,76952895488,68.508,71.668
333,train,73559374848,76952895488,68.5075,71.668
334,train,73372638720,76952895488,68.3336,71.668
335,train,73205433344,76952895488,68.1779,71.668
336,train,73206370304,76952895488,68.1787,71.668
337,train,73393008128,76952895488,68.3526,71.668
338,train,73637376512,76952895488,68.5802,71.668
339,train,73184449536,76952895488,68.1583,71.668
340,train,73394302464,76952895488,68.3538,71.668
341,train,73227057152,76952895488,68.198,71.668
342,train,73334393344,76952895488,68.298,71.668
343,train,73393008128,76952895488,68.3526,71.668
344,train,73559956480,76952895488,68.508,71.668
345,train,73227057152,76952895488,68.198,71.668
346,train,73594818560,76952895488,68.5405,71.668
347,train,73371328000,76952895488,68.3324,71.668
348,train,73394302464,76952895488,68.3538,71.668
349,train,73333082624,76952895488,68.2968,71.668
350,train,73256563712,76952895488,68.2255,71.668
351,train,73443227136,76952895488,68.3993,71.668
352,train,73867743232,76952895488,68.7947,71.668
353,train,73728783872,76952895488,68.6653,71.668
354,train,73791809024,76952895488,68.724,71.668
355,train,73205433344,76952895488,68.1779,71.668
356,train,73372638720,76952895488,68.3336,71.668
357,train,73227057152,76952895488,68.198,71.668
358,train,73227994112,76952895488,68.1989,71.668
359,train,73255626752,76952895488,68.2246,71.668
360,train,73559956480,76952895488,68.508,71.668
361,train,73333082624,76952895488,68.2968,71.668
362,train,73372638720,76952895488,68.3336,71.668
363,train,73205433344,76952895488,68.1779,71.668
364,train,73477799424,76952895488,68.4315,71.668
365,train,73791866368,76952895488,68.724,71.668
366,train,73206370304,76952895488,68.1787,71.668
367,train,73863540736,76952895488,68.7908,71.668
368,train,73831448576,76952895488,68.7609,71.668
369,train,73476382208,76952895488,68.4302,71.668
370,train,73443628544,76952895488,68.3997,71.668
371,train,73205433344,76952895488,68.1779,71.668
372,train,73334393344,76952895488,68.298,71.668
373,train,73371328000,76952895488,68.3324,71.668
374,train,73512399360,76952895488,68.4638,71.668
375,train,73393008128,76952895488,68.3526,71.668
375,eval,26290878464,76952895488,24.4853,71.668
375,eval,26288617984,76952895488,24.4832,71.668
375,eval,26343013376,76952895488,24.5338,71.668
375,eval,26305246208,76952895488,24.4987,71.668
375,eval,26349742080,76952895488,24.5401,71.668
375,eval,26320992768,76952895488,24.5133,71.668
375,eval,26261196800,76952895488,24.4576,71.668
375,eval,26305704960,76952895488,24.4991,71.668
375,eval,26261426176,76952895488,24.4579,71.668
375,eval,26295158784,76952895488,24.4893,71.668
375,eval,26254935040,76952895488,24.4518,71.668
375,eval,26263450112,76952895488,24.4597,71.668
375,eval,26226970624,76952895488,24.4258,71.668
375,eval,26269824000,76952895488,24.4657,71.668
375,eval,26262114816,76952895488,24.4585,71.668
375,eval,26263908864,76952895488,24.4602,71.668
375,eval,26262344192,76952895488,24.4587,71.668
375,eval,26287698432,76952895488,24.4823,71.668
375,eval,26308114432,76952895488,24.5013,71.668
375,eval,26296748544,76952895488,24.4908,71.668
375,eval,26358915072,76952895488,24.5487,71.668
375,eval,26270955008,76952895488,24.4667,71.668
375,eval,26263131136,76952895488,24.4594,71.668
375,eval,26407076352,76952895488,24.5935,71.668
375,eval,26291961856,76952895488,24.4863,71.668
375,eval,26309450240,76952895488,24.5026,71.668
375,eval,26325499904,76952895488,24.5175,71.668
375,eval,26362061312,76952895488,24.5516,71.668
375,eval,26271242240,76952895488,24.467,71.668
375,eval,26296730112,76952895488,24.4907,71.668
375,eval,26290787328,76952895488,24.4852,71.668
375,eval,26362118656,76952895488,24.5516,71.668
375,eval,26266162688,76952895488,24.4623,71.668
375,eval,26383096832,76952895488,24.5712,71.668
375,eval,26290787840,76952895488,24.4852,71.668
375,eval,26326934016,76952895488,24.5189,71.668
375,eval,26345817088,76952895488,24.5365,71.668
375,eval,26265663488,76952895488,24.4618,71.668
375,eval,26345817088,76952895488,24.5365,71.668
375,eval,26296730624,76952895488,24.4907,71.668
375,eval,26330437632,76952895488,24.5221,71.668
375,eval,26324354048,76952895488,24.5165,71.668
375,eval,26308673024,76952895488,24.5019,71.668
375,eval,26331027968,76952895488,24.5227,71.668
375,eval,26310344192,76952895488,24.5034,71.668
375,eval,26298634240,76952895488,24.4925,71.668
375,eval,26271276032,76952895488,24.467,71.668
375,eval,26294240768,76952895488,24.4884,71.668
375,eval,26295191040,76952895488,24.4893,71.668
375,eval,26299093504,76952895488,24.4929,71.668
375,eval,26253667840,76952895488,24.4506,71.668
375,eval,26356167680,76952895488,24.5461,71.668
375,eval,26334698496,76952895488,24.5261,71.668
375,eval,25777660928,76952895488,24.0073,71.668
376,train,73637376512,76952895488,68.5802,71.668
377,train,73559374848,76952895488,68.5075,71.668
378,train,73867743232,76952895488,68.7947,71.668
379,train,73476382208,76952895488,68.4302,71.668
380,train,73256563712,76952895488,68.2255,71.668
381,train,73511309824,76952895488,68.4627,71.668
382,train,73227994112,76952895488,68.1989,71.668
383,train,73511309824,76952895488,68.4627,71.668
384,train,73122674176,76952895488,68.1008,71.668
385,train,73559374848,76952895488,68.5075,71.668
386,train,73227994112,76952895488,68.1989,71.668
387,train,73559374848,76952895488,68.5075,71.668
388,train,73394302464,76952895488,68.3538,71.668
389,train,73227057152,76952895488,68.198,71.668
390,train,73206370304,76952895488,68.1787,71.668
391,train,73443227136,76952895488,68.3993,71.668
392,train,73559956480,76952895488,68.508,71.668
393,train,73393008128,76952895488,68.3526,71.668
394,train,73206370304,76952895488,68.1787,71.668
395,train,73393008128,76952895488,68.3526,71.668
396,train,73185386496,76952895488,68.1592,71.668
397,train,73371328000,76952895488,68.3324,71.668
398,train,73594818560,76952895488,68.5405,71.668
399,train,73371328000,76952895488,68.3324,71.668
400,train,73334393344,76952895488,68.298,71.668
401,train,73476382208,76952895488,68.4302,71.668
402,train,73372638720,76952895488,68.3336,71.668
403,train,73371328000,76952895488,68.3324,71.668
404,train,73394302464,76952895488,68.3538,71.668
405,train,73443227136,76952895488,68.3993,71.668
406,train,73729750528,76952895488,68.6662,71.668
407,train,73227057152,76952895488,68.198,71.668
408,train,73334393344,76952895488,68.298,71.668
409,train,73637351936,76952895488,68.5801,71.668
410,train,73256563712,76952895488,68.2255,71.668
411,train,73227057152,76952895488,68.198,71.668
412,train,73637376512,76952895488,68.5802,71.668
413,train,73227057152,76952895488,68.198,71.668
414,train,73227994112,76952895488,68.1989,71.668
415,train,73333082624,76952895488,68.2968,71.668
416,train,73227994112,76952895488,68.1989,71.668
417,train,73333082624,76952895488,68.2968,71.668
418,train,73477799424,76952895488,68.4315,71.668
419,train,73333082624,76952895488,68.2968,71.668
420,train,73256563712,76952895488,68.2255,71.668
421,train,73559374848,76952895488,68.5075,71.668
422,train,73394302464,76952895488,68.3538,71.668
423,train,73227057152,76952895488,68.198,71.668
424,train,73477799424,76952895488,68.4315,71.668
425,train,73393008128,76952895488,68.3526,71.668
426,train,73477799424,76952895488,68.4315,71.668
427,train,73184449536,76952895488,68.1583,71.668
428,train,74399472128,76952895488,69.2899,71.668
429,train,73511309824,76952895488,68.4627,71.668
430,train,73594818560,76952895488,68.5405,71.668
431,train,73205433344,76952895488,68.1779,71.668
432,train,73559956480,76952895488,68.508,71.668
433,train,73371328000,76952895488,68.3324,71.668
434,train,73206370304,76952895488,68.1787,71.668
435,train,73184449536,76952895488,68.1583,71.668
436,train,73559956480,76952895488,68.508,71.668
437,train,73333082624,76952895488,68.2968,71.668
438,train,73227994112,76952895488,68.1989,71.668
439,train,73333082624,76952895488,68.2968,71.668
440,train,73256563712,76952895488,68.2255,71.668
441,train,73393008128,76952895488,68.3526,71.668
442,train,73394302464,76952895488,68.3538,71.668
443,train,73333082624,76952895488,68.2968,71.668
444,train,73559956480,76952895488,68.508,71.668
445,train,73393008128,76952895488,68.3526,71.668
446,train,73256563712,76952895488,68.2255,71.668
447,train,73371328000,76952895488,68.3324,71.668
448,train,73334393344,76952895488,68.298,71.668
449,train,73227057152,76952895488,68.198,71.668
450,train,73334393344,76952895488,68.298,71.668
451,train,73476382208,76952895488,68.4302,71.668
452,train,73477799424,76952895488,68.4315,71.668
453,train,73443227136,76952895488,68.3993,71.668
454,train,73372638720,76952895488,68.3336,71.668
455,train,73205433344,76952895488,68.1779,71.668
456,train,73637376512,76952895488,68.5802,71.668
457,train,73443227136,76952895488,68.3993,71.668
458,train,73256563712,76952895488,68.2255,71.668
459,train,73255626752,76952895488,68.2246,71.668
460,train,73512399360,76952895488,68.4638,71.668
461,train,73511309824,76952895488,68.4627,71.668
462,train,73637376512,76952895488,68.5802,71.668
463,train,73371328000,76952895488,68.3324,71.668
464,train,73394302464,76952895488,68.3538,71.668
465,train,73443227136,76952895488,68.3993,71.668
466,train,73559956480,76952895488,68.508,71.668
467,train,73333082624,76952895488,68.2968,71.668
468,train,73372638720,76952895488,68.3336,71.668
469,train,73333082624,76952895488,68.2968,71.668
470,train,73334393344,76952895488,68.298,71.668
471,train,73205433344,76952895488,68.1779,71.668
472,train,73443628544,76952895488,68.3997,71.668
473,train,73227057152,76952895488,68.198,71.668
474,train,73559956480,76952895488,68.508,71.668
475,train,73393008128,76952895488,68.3526,71.668
476,train,73227994112,76952895488,68.1989,71.668
477,train,73333082624,76952895488,68.2968,71.668
478,train,73443628544,76952895488,68.3997,71.668
479,train,73227057152,76952895488,68.198,71.668
480,train,73443628544,76952895488,68.3997,71.668
481,train,73184449536,76952895488,68.1583,71.668
482,train,73683747328,76952895488,68.6233,71.668
483,train,73333082624,76952895488,68.2968,71.668
484,train,73477799424,76952895488,68.4315,71.668
485,train,73476382208,76952895488,68.4302,71.668
486,train,73394302464,76952895488,68.3538,71.668
487,train,73593729024,76952895488,68.5395,71.668
488,train,73939743744,76952895488,68.8618,71.668
489,train,73152879104,76952895488,68.1289,71.668
490,train,73227994112,76952895488,68.1989,71.668
491,train,73371328000,76952895488,68.3324,71.668
492,train,73594818560,76952895488,68.5405,71.668
493,train,73371328000,76952895488,68.3324,71.668
494,train,73372638720,76952895488,68.3336,71.668
495,train,73333082624,76952895488,68.2968,71.668
496,train,73637376512,76952895488,68.5802,71.668
497,train,73333082624,76952895488,68.2968,71.668
498,train,73477799424,76952895488,68.4315,71.668
499,train,73255626752,76952895488,68.2246,71.668
500,train,73256563712,76952895488,68.2255,71.668
500,eval,26290877952,76952895488,24.4853,71.668
500,eval,26289928192,76952895488,24.4844,71.668
500,eval,26343012864,76952895488,24.5338,71.668
500,eval,26307809792,76952895488,24.5011,71.668
500,eval,26349741568,76952895488,24.5401,71.668
500,eval,26324088832,76952895488,24.5162,71.668
500,eval,26261196288,76952895488,24.4576,71.668
500,eval,26308268544,76952895488,24.5015,71.668
500,eval,26261425664,76952895488,24.4579,71.668
500,eval,26297763328,76952895488,24.4917,71.668
500,eval,26254934528,76952895488,24.4518,71.668
500,eval,26263842816,76952895488,24.4601,71.668
500,eval,26226970112,76952895488,24.4258,71.668
500,eval,26270216704,76952895488,24.466,71.668
500,eval,26262114304,76952895488,24.4585,71.668
500,eval,26264301568,76952895488,24.4605,71.668
500,eval,26262343680,76952895488,24.4587,71.668
500,eval,26289008640,76952895488,24.4835,71.668
500,eval,26308113920,76952895488,24.5013,71.668
500,eval,26299353088,76952895488,24.4932,71.668
500,eval,26358914560,76952895488,24.5487,71.668
500,eval,26271347712,76952895488,24.4671,71.668
500,eval,26263130624,76952895488,24.4594,71.668
500,eval,26407075840,76952895488,24.5935,71.668
500,eval,26291944960,76952895488,24.4863,71.668
500,eval,26308769792,76952895488,24.502,71.668
500,eval,26325499392,76952895488,24.5175,71.668
500,eval,26361643008,76952895488,24.5512,71.668
500,eval,26271249920,76952895488,24.467,71.668
500,eval,26295582720,76952895488,24.4897,71.668
500,eval,26290541056,76952895488,24.485,71.668
500,eval,26361643008,76952895488,24.5512,71.668
500,eval,26266719232,76952895488,24.4628,71.668
500,eval,26384669184,76952895488,24.5726,71.668
500,eval,26290541568,76952895488,24.485,71.668
500,eval,26325770240,76952895488,24.5178,71.668
500,eval,26345816576,76952895488,24.5365,71.668
500,eval,26268104192,76952895488,24.4641,71.668
500,eval,26345816576,76952895488,24.5365,71.668
500,eval,26296730112,76952895488,24.4907,71.668
500,eval,26330437120,76952895488,24.5221,71.668
500,eval,26325770752,76952895488,24.5178,71.668
500,eval,26308672512,76952895488,24.5019,71.668
500,eval,26333345792,76952895488,24.5248,71.668
500,eval,26310343680,76952895488,24.5034,71.668
500,eval,26302123520,76952895488,24.4958,71.668
500,eval,26271275520,76952895488,24.467,71.668
500,eval,26295550976,76952895488,24.4896,71.668
500,eval,26295190528,76952895488,24.4893,71.668
500,eval,26302582784,76952895488,24.4962,71.668
500,eval,26253667328,76952895488,24.4506,71.668
500,eval,26357912064,76952895488,24.5477,71.668
500,eval,26334697984,76952895488,24.5261,71.668
500,eval,25778971136,76952895488,24.0085,71.668
501,train,73511309824,76952895488,68.4627,71.668
502,train,73227994112,76952895488,68.1989,71.668
503,train,73333082624,76952895488,68.2968,71.668
504,train,50941741568,77097598976,47.4432,71.8027
505,train,73255626752,77097598976,68.2246,71.8027
506,train,73227994112,77097598976,68.1989,71.8027
507,train,73227057152,77097598976,68.198,71.8027
508,train,73791809024,77097598976,68.724,71.8027
509,train,73184449536,77097598976,68.1583,71.8027
510,train,73372638720,77097598976,68.3336,71.8027
511,train,73559374848,77097598976,68.5075,71.8027
512,train,73206370304,77097598976,68.1787,71.8027
513,train,73371328000,77097598976,68.3324,71.8027
514,train,73256563712,77097598976,68.2255,71.8027
515,train,73637351936,77097598976,68.5801,71.8027
516,train,73227994112,77097598976,68.1989,71.8027
517,train,73393008128,77097598976,68.3526,71.8027
518,train,73155454464,77097598976,68.1313,71.8027
519,train,73476382208,77097598976,68.4302,71.8027
520,train,73594818560,77097598976,68.5405,71.8027
521,train,73511309824,77097598976,68.4627,71.8027
522,train,73394302464,77097598976,68.3538,71.8027
523,train,73791866368,77097598976,68.724,71.8027
524,train,73683747328,77097598976,68.6233,71.8027
525,train,73559374848,77097598976,68.5075,71.8027
526,train,73477799424,77097598976,68.4315,71.8027
527,train,73593729024,77097598976,68.5395,71.8027
528,train,73185386496,77097598976,68.1592,71.8027
529,train,73255626752,77097598976,68.2246,71.8027
530,train,73206370304,77097598976,68.1787,71.8027
531,train,73393008128,77097598976,68.3526,71.8027
532,train,73256563712,77097598976,68.2255,71.8027
533,train,73333082624,77097598976,68.2968,71.8027
534,train,73206370304,77097598976,68.1787,71.8027
535,train,73511309824,77097598976,68.4627,71.8027
536,train,73206370304,77097598976,68.1787,71.8027
537,train,73333082624,77097598976,68.2968,71.8027
538,train,73443628544,77097598976,68.3997,71.8027
539,train,73937998848,77097598976,68.8601,71.8027
540,train,73334393344,77097598976,68.298,71.8027
541,train,73393008128,77097598976,68.3526,71.8027
542,train,73372638720,77097598976,68.3336,71.8027
543,train,74398756352,77097598976,69.2892,71.8027
544,train,73394302464,77097598976,68.3538,71.8027
545,train,73205433344,77097598976,68.1779,71.8027
546,train,73594818560,77097598976,68.5405,71.8027
547,train,73476382208,77097598976,68.4302,71.8027
548,train,73256563712,77097598976,68.2255,71.8027
549,train,73863540736,77097598976,68.7908,71.8027
550,train,73559956480,77097598976,68.508,71.8027
551,train,73559374848,77097598976,68.5075,71.8027
552,train,73512399360,77097598976,68.4638,71.8027
553,train,73371328000,77097598976,68.3324,71.8027
554,train,73683747328,77097598976,68.6233,71.8027
555,train,73511309824,77097598976,68.4627,71.8027
556,train,73477799424,77097598976,68.4315,71.8027
557,train,73637351936,77097598976,68.5801,71.8027
558,train,73512399360,77097598976,68.4638,71.8027
559,train,73637351936,77097598976,68.5801,71.8027
560,train,73372638720,77097598976,68.3336,71.8027
561,train,73443227136,77097598976,68.3993,71.8027
562,train,73256563712,77097598976,68.2255,71.8027
563,train,73393008128,77097598976,68.3526,71.8027
564,train,73227994112,77097598976,68.1989,71.8027
565,train,73728783872,77097598976,68.6653,71.8027
566,train,73477799424,77097598976,68.4315,71.8027
567,train,73205433344,77097598976,68.1779,71.8027
568,train,73334393344,77097598976,68.298,71.8027
569,train,73593729024,77097598976,68.5395,71.8027
570,train,73256563712,77097598976,68.2255,71.8027
571,train,73476382208,77097598976,68.4302,71.8027
572,train,73372638720,77097598976,68.3336,71.8027
573,train,73205433344,77097598976,68.1779,71.8027
574,train,73443628544,77097598976,68.3997,71.8027
575,train,73443227136,77097598976,68.3993,71.8027
576,train,73394302464,77097598976,68.3538,71.8027
577,train,73393008128,77097598976,68.3526,71.8027
578,train,73206370304,77097598976,68.1787,71.8027
579,train,73393008128,77097598976,68.3526,71.8027
580,train,73256563712,77097598976,68.2255,71.8027
581,train,73184449536,77097598976,68.1583,71.8027
582,train,73372638720,77097598976,68.3336,71.8027
583,train,73476382208,77097598976,68.4302,71.8027
584,train,73594818560,77097598976,68.5405,71.8027
585,train,73371328000,77097598976,68.3324,71.8027
586,train,73867743232,77097598976,68.7947,71.8027
587,train,73227057152,77097598976,68.198,71.8027
588,train,73394302464,77097598976,68.3538,71.8027
589,train,73728783872,77097598976,68.6653,71.8027
590,train,73185386496,77097598976,68.1592,71.8027
591,train,73559374848,77097598976,68.5075,71.8027
592,train,73372638720,77097598976,68.3336,71.8027
593,train,73371328000,77097598976,68.3324,71.8027
594,train,73867743232,77097598976,68.7947,71.8027
595,train,73255626752,77097598976,68.2246,71.8027
596,train,73477799424,77097598976,68.4315,71.8027
597,train,73682739712,77097598976,68.6224,71.8027
598,train,73477799424,77097598976,68.4315,71.8027
599,train,73393008128,77097598976,68.3526,71.8027
600,train,73185386496,77097598976,68.1592,71.8027
601,train,73559374848,77097598976,68.5075,71.8027
602,train,73227994112,77097598976,68.1989,71.8027
603,train,73371328000,77097598976,68.3324,71.8027
604,train,73256563712,77097598976,68.2255,71.8027
605,train,73393008128,77097598976,68.3526,71.8027
606,train,73155454464,77097598976,68.1313,71.8027
607,train,73152879104,77097598976,68.1289,71.8027
608,train,73867743232,77097598976,68.7947,71.8027
609,train,73559374848,77097598976,68.5075,71.8027
610,train,73637376512,77097598976,68.5802,71.8027
611,train,73476382208,77097598976,68.4302,71.8027
612,train,73155454464,77097598976,68.1313,71.8027
613,train,73511309824,77097598976,68.4627,71.8027
614,train,73512399360,77097598976,68.4638,71.8027
615,train,73255626752,77097598976,68.2246,71.8027
616,train,73206370304,77097598976,68.1787,71.8027
617,train,73255626752,77097598976,68.2246,71.8027
618,train,73394302464,77097598976,68.3538,71.8027
619,train,73255626752,77097598976,68.2246,71.8027
620,train,73477799424,77097598976,68.4315,71.8027
621,train,73593729024,77097598976,68.5395,71.8027
622,train,73227994112,77097598976,68.1989,71.8027
623,train,73205433344,77097598976,68.1779,71.8027
624,train,73477799424,77097598976,68.4315,71.8027
625,train,73443227136,77097598976,68.3993,71.8027
625,eval,26290878464,77097598976,24.4853,71.8027
625,eval,26288617984,77097598976,24.4832,71.8027
625,eval,26343013376,77097598976,24.5338,71.8027
625,eval,26305246208,77097598976,24.4987,71.8027
625,eval,26349742080,77097598976,24.5401,71.8027
625,eval,26320992768,77097598976,24.5133,71.8027
625,eval,26261196800,77097598976,24.4576,71.8027
625,eval,26305704960,77097598976,24.4991,71.8027
625,eval,26261426176,77097598976,24.4579,71.8027
625,eval,26295158784,77097598976,24.4893,71.8027
625,eval,26254935040,77097598976,24.4518,71.8027
625,eval,26263450112,77097598976,24.4597,71.8027
625,eval,26226970624,77097598976,24.4258,71.8027
625,eval,26269824000,77097598976,24.4657,71.8027
625,eval,26262114816,77097598976,24.4585,71.8027
625,eval,26263908864,77097598976,24.4602,71.8027
625,eval,26262344192,77097598976,24.4587,71.8027
625,eval,26287698432,77097598976,24.4823,71.8027
625,eval,26308114432,77097598976,24.5013,71.8027
625,eval,26296748544,77097598976,24.4908,71.8027
625,eval,26358915072,77097598976,24.5487,71.8027
625,eval,26270955008,77097598976,24.4667,71.8027
625,eval,26263131136,77097598976,24.4594,71.8027
625,eval,26407076352,77097598976,24.5935,71.8027
625,eval,26291961856,77097598976,24.4863,71.8027
625,eval,26309450240,77097598976,24.5026,71.8027
625,eval,26325499904,77097598976,24.5175,71.8027
625,eval,26362061312,77097598976,24.5516,71.8027
625,eval,26271242240,77097598976,24.467,71.8027
625,eval,26296730112,77097598976,24.4907,71.8027
625,eval,26290787328,77097598976,24.4852,71.8027
625,eval,26362118656,77097598976,24.5516,71.8027
625,eval,26266162688,77097598976,24.4623,71.8027
625,eval,26383096832,77097598976,24.5712,71.8027
625,eval,26290787840,77097598976,24.4852,71.8027
625,eval,26326934016,77097598976,24.5189,71.8027
625,eval,26345817088,77097598976,24.5365,71.8027
625,eval,26265663488,77097598976,24.4618,71.8027
625,eval,26345817088,77097598976,24.5365,71.8027
625,eval,26296730624,77097598976,24.4907,71.8027
625,eval,26330437632,77097598976,24.5221,71.8027
625,eval,26324354048,77097598976,24.5165,71.8027
625,eval,26308673024,77097598976,24.5019,71.8027
625,eval,26331027968,77097598976,24.5227,71.8027
625,eval,26310344192,77097598976,24.5034,71.8027
625,eval,26298634240,77097598976,24.4925,71.8027
625,eval,26271276032,77097598976,24.467,71.8027
625,eval,26294240768,77097598976,24.4884,71.8027
625,eval,26295191040,77097598976,24.4893,71.8027
625,eval,26299093504,77097598976,24.4929,71.8027
625,eval,26253667840,77097598976,24.4506,71.8027
625,eval,26356167680,77097598976,24.5461,71.8027
625,eval,26334698496,77097598976,24.5261,71.8027
625,eval,25777660928,77097598976,24.0073,71.8027
626,train,73334393344,77097598976,68.298,71.8027
627,train,73443227136,77097598976,68.3993,71.8027
628,train,73559956480,77097598976,68.508,71.8027
629,train,73333082624,77097598976,68.2968,71.8027
630,train,73227994112,77097598976,68.1989,71.8027
631,train,73184449536,77097598976,68.1583,71.8027
632,train,73334393344,77097598976,68.298,71.8027
633,train,73227057152,77097598976,68.198,71.8027
634,train,73372638720,77097598976,68.3336,71.8027
635,train,73255626752,77097598976,68.2246,71.8027
636,train,73683747328,77097598976,68.6233,71.8027
637,train,73227057152,77097598976,68.198,71.8027
638,train,73394302464,77097598976,68.3538,71.8027
639,train,73371328000,77097598976,68.3324,71.8027
640,train,73206370304,77097598976,68.1787,71.8027
641,train,73393008128,77097598976,68.3526,71.8027
642,train,73394302464,77097598976,68.3538,71.8027
643,train,73443227136,77097598976,68.3993,71.8027
644,train,73637376512,77097598976,68.5802,71.8027
645,train,73511309824,77097598976,68.4627,71.8027
646,train,73477799424,77097598976,68.4315,71.8027
647,train,73255626752,77097598976,68.2246,71.8027
648,train,73477799424,77097598976,68.4315,71.8027
649,train,73333082624,77097598976,68.2968,71.8027
650,train,73334393344,77097598976,68.298,71.8027
651,train,73593729024,77097598976,68.5395,71.8027
652,train,73559956480,77097598976,68.508,71.8027
653,train,73333082624,77097598976,68.2968,71.8027
654,train,73394302464,77097598976,68.3538,71.8027
655,train,73443227136,77097598976,68.3993,71.8027
656,train,73477799424,77097598976,68.4315,71.8027
657,train,73333082624,77097598976,68.2968,71.8027
658,train,73394302464,77097598976,68.3538,71.8027
659,train,73255626752,77097598976,68.2246,71.8027
660,train,73334393344,77097598976,68.298,71.8027
661,train,73393008128,77097598976,68.3526,71.8027
662,train,73372638720,77097598976,68.3336,71.8027
663,train,73393008128,77097598976,68.3526,71.8027
664,train,73512399360,77097598976,68.4638,71.8027
665,train,73255626752,77097598976,68.2246,71.8027
666,train,73443628544,77097598976,68.3997,71.8027
667,train,73559374848,77097598976,68.5075,71.8027
668,train,73372638720,77097598976,68.3336,71.8027
669,train,73559374848,77097598976,68.5075,71.8027
670,train,73334393344,77097598976,68.298,71.8027
671,train,73184449536,77097598976,68.1583,71.8027
672,train,73637376512,77097598976,68.5802,71.8027
673,train,73227057152,77097598976,68.198,71.8027
674,train,73185386496,77097598976,68.1592,71.8027
675,train,73255626752,77097598976,68.2246,71.8027
676,train,73831448576,77097598976,68.7609,71.8027
677,train,73227057152,77097598976,68.198,71.8027
678,train,73227994112,77097598976,68.1989,71.8027
679,train,73593729024,77097598976,68.5395,71.8027
680,train,73334393344,77097598976,68.298,71.8027
681,train,73393008128,77097598976,68.3526,71.8027
682,train,73394302464,77097598976,68.3538,71.8027
683,train,73476382208,77097598976,68.4302,71.8027
684,train,73372638720,77097598976,68.3336,71.8027
685,train,73255626752,77097598976,68.2246,71.8027
686,train,73185386496,77097598976,68.1592,71.8027
687,train,73511309824,77097598976,68.4627,71.8027
688,train,73206370304,77097598976,68.1787,71.8027
689,train,73333082624,77097598976,68.2968,71.8027
690,train,73443628544,77097598976,68.3997,71.8027
691,train,73593729024,77097598976,68.5395,71.8027
692,train,73594818560,77097598976,68.5405,71.8027
693,train,73443227136,77097598976,68.3993,71.8027
694,train,73227994112,77097598976,68.1989,71.8027
695,train,73511309824,77097598976,68.4627,71.8027
696,train,73227994112,77097598976,68.1989,71.8027
697,train,73227057152,77097598976,68.198,71.8027
698,train,73256563712,77097598976,68.2255,71.8027
699,train,73443227136,77097598976,68.3993,71.8027
700,train,73256563712,77097598976,68.2255,71.8027
701,train,73371328000,77097598976,68.3324,71.8027
702,train,73594818560,77097598976,68.5405,71.8027
703,train,73476382208,77097598976,68.4302,71.8027
704,train,73477799424,77097598976,68.4315,71.8027
705,train,73791866368,77097598976,68.724,71.8027
706,train,73637376512,77097598976,68.5802,71.8027
707,train,73371328000,77097598976,68.3324,71.8027
708,train,73559956480,77097598976,68.508,71.8027
709,train,73476382208,77097598976,68.4302,71.8027
710,train,73477799424,77097598976,68.4315,71.8027
711,train,73205433344,77097598976,68.1779,71.8027
712,train,73227994112,77097598976,68.1989,71.8027
713,train,73371328000,77097598976,68.3324,71.8027
714,train,73637376512,77097598976,68.5802,71.8027
715,train,73443227136,77097598976,68.3993,71.8027
716,train,73729750528,77097598976,68.6662,71.8027
717,train,73333082624,77097598976,68.2968,71.8027
718,train,73372638720,77097598976,68.3336,71.8027
719,train,73393008128,77097598976,68.3526,71.8027
720,train,73559956480,77097598976,68.508,71.8027
721,train,73393008128,77097598976,68.3526,71.8027
722,train,73256563712,77097598976,68.2255,71.8027
723,train,73476382208,77097598976,68.4302,71.8027
724,train,73185386496,77097598976,68.1592,71.8027
725,train,73333082624,77097598976,68.2968,71.8027
726,train,73729750528,77097598976,68.6662,71.8027
727,train,73443227136,77097598976,68.3993,71.8027
728,train,73227994112,77097598976,68.1989,71.8027
729,train,73227057152,77097598976,68.198,71.8027
730,train,73372638720,77097598976,68.3336,71.8027
731,train,73255626752,77097598976,68.2246,71.8027
732,train,73512399360,77097598976,68.4638,71.8027
733,train,73476382208,77097598976,68.4302,71.8027
734,train,73334393344,77097598976,68.298,71.8027
735,train,73511309824,77097598976,68.4627,71.8027
736,train,73372638720,77097598976,68.3336,71.8027
737,train,73184449536,77097598976,68.1583,71.8027
738,train,73512399360,77097598976,68.4638,71.8027
739,train,73476382208,77097598976,68.4302,71.8027
740,train,73559956480,77097598976,68.508,71.8027
741,train,73637351936,77097598976,68.5801,71.8027
742,train,73256563712,77097598976,68.2255,71.8027
743,train,73511309824,77097598976,68.4627,71.8027
744,train,73372638720,77097598976,68.3336,71.8027
745,train,73333082624,77097598976,68.2968,71.8027
746,train,73334393344,77097598976,68.298,71.8027
747,train,73255626752,77097598976,68.2246,71.8027
748,train,73637376512,77097598976,68.5802,71.8027
749,train,73227057152,77097598976,68.198,71.8027
750,train,73256563712,77097598976,68.2255,71.8027
750,eval,26290877952,77097598976,24.4853,71.8027
750,eval,26289928192,77097598976,24.4844,71.8027
750,eval,26343012864,77097598976,24.5338,71.8027
750,eval,26307809792,77097598976,24.5011,71.8027
750,eval,26349741568,77097598976,24.5401,71.8027
750,eval,26324088832,77097598976,24.5162,71.8027
750,eval,26261196288,77097598976,24.4576,71.8027
750,eval,26308268544,77097598976,24.5015,71.8027
750,eval,26261425664,77097598976,24.4579,71.8027
750,eval,26297763328,77097598976,24.4917,71.8027
750,eval,26254934528,77097598976,24.4518,71.8027
750,eval,26263842816,77097598976,24.4601,71.8027
750,eval,26226970112,77097598976,24.4258,71.8027
750,eval,26270216704,77097598976,24.466,71.8027
750,eval,26262114304,77097598976,24.4585,71.8027
750,eval,26264301568,77097598976,24.4605,71.8027
750,eval,26262343680,77097598976,24.4587,71.8027
750,eval,26289008640,77097598976,24.4835,71.8027
750,eval,26308113920,77097598976,24.5013,71.8027
750,eval,26299353088,77097598976,24.4932,71.8027
750,eval,26358914560,77097598976,24.5487,71.8027
750,eval,26271347712,77097598976,24.4671,71.8027
750,eval,26263130624,77097598976,24.4594,71.8027
750,eval,26407075840,77097598976,24.5935,71.8027
750,eval,26291944960,77097598976,24.4863,71.8027
750,eval,26308769792,77097598976,24.502,71.8027
750,eval,26325499392,77097598976,24.5175,71.8027
750,eval,26361643008,77097598976,24.5512,71.8027
750,eval,26271249920,77097598976,24.467,71.8027
750,eval,26295582720,77097598976,24.4897,71.8027
750,eval,26290541056,77097598976,24.485,71.8027
750,eval,26361643008,77097598976,24.5512,71.8027
750,eval,26266719232,77097598976,24.4628,71.8027
750,eval,26384669184,77097598976,24.5726,71.8027
750,eval,26290541568,77097598976,24.485,71.8027
750,eval,26325770240,77097598976,24.5178,71.8027
750,eval,26345816576,77097598976,24.5365,71.8027
750,eval,26268104192,77097598976,24.4641,71.8027
750,eval,26345816576,77097598976,24.5365,71.8027
750,eval,26296730112,77097598976,24.4907,71.8027
750,eval,26330437120,77097598976,24.5221,71.8027
750,eval,26325770752,77097598976,24.5178,71.8027
750,eval,26308672512,77097598976,24.5019,71.8027
750,eval,26333345792,77097598976,24.5248,71.8027
750,eval,26310343680,77097598976,24.5034,71.8027
750,eval,26302123520,77097598976,24.4958,71.8027
750,eval,26271275520,77097598976,24.467,71.8027
750,eval,26295550976,77097598976,24.4896,71.8027
750,eval,26295190528,77097598976,24.4893,71.8027
750,eval,26302582784,77097598976,24.4962,71.8027
750,eval,26253667328,77097598976,24.4506,71.8027
750,eval,26357912064,77097598976,24.5477,71.8027
750,eval,26334697984,77097598976,24.5261,71.8027
750,eval,25778971136,77097598976,24.0085,71.8027
751,train,73511309824,77097598976,68.4627,71.8027
752,train,73372638720,77097598976,68.3336,71.8027
753,train,73559374848,77097598976,68.5075,71.8027
754,train,73155454464,77097598976,68.1313,71.8027
755,train,73184449536,77097598976,68.1583,71.8027
756,train,50831002624,77097598976,47.3401,71.8027
757,train,73255626752,77097598976,68.2246,71.8027
758,train,73227994112,77097598976,68.1989,71.8027
759,train,73333082624,77097598976,68.2968,71.8027
760,train,73394302464,77097598976,68.3538,71.8027
761,train,73476382208,77097598976,68.4302,71.8027
762,train,73334393344,77097598976,68.298,71.8027
763,train,73511309824,77097598976,68.4627,71.8027
764,train,73394302464,77097598976,68.3538,71.8027
765,train,73152879104,77097598976,68.1289,71.8027
766,train,74399472128,77097598976,69.2899,71.8027
767,train,73511309824,77097598976,68.4627,71.8027
768,train,73637376512,77097598976,68.5802,71.8027
769,train,73227057152,77097598976,68.198,71.8027
770,train,73334393344,77097598976,68.298,71.8027
771,train,73205433344,77097598976,68.1779,71.8027
772,train,73477799424,77097598976,68.4315,71.8027
773,train,73393008128,77097598976,68.3526,71.8027
774,train,73637376512,77097598976,68.5802,71.8027
775,train,73333082624,77097598976,68.2968,71.8027
776,train,73559956480,77097598976,68.508,71.8027
777,train,73511309824,77097598976,68.4627,71.8027
778,train,73443628544,77097598976,68.3997,71.8027
779,train,73443227136,77097598976,68.3993,71.8027
780,train,73443628544,77097598976,68.3997,71.8027
781,train,73559374848,77097598976,68.5075,71.8027
782,train,73256563712,77097598976,68.2255,71.8027
783,train,73333082624,77097598976,68.2968,71.8027
784,train,73227994112,77097598976,68.1989,71.8027
785,train,73205433344,77097598976,68.1779,71.8027
786,train,73372638720,77097598976,68.3336,71.8027
787,train,73371328000,77097598976,68.3324,71.8027
788,train,73477799424,77097598976,68.4315,71.8027
789,train,73559374848,77097598976,68.5075,71.8027
790,train,73185386496,77097598976,68.1592,71.8027
791,train,73476382208,77097598976,68.4302,71.8027
792,train,73394302464,77097598976,68.3538,71.8027
793,train,73593729024,77097598976,68.5395,71.8027
794,train,73477799424,77097598976,68.4315,71.8027
795,train,73255626752,77097598976,68.2246,71.8027
796,train,73334393344,77097598976,68.298,71.8027
797,train,73371328000,77097598976,68.3324,71.8027
798,train,73594818560,77097598976,68.5405,71.8027
799,train,73476382208,77097598976,68.4302,71.8027
800,train,73559956480,77097598976,68.508,71.8027
801,train,73371328000,77097598976,68.3324,71.8027
802,train,73683747328,77097598976,68.6233,71.8027
803,train,73791866368,77097598976,68.724,71.8027
804,train,73256563712,77097598976,68.2255,71.8027
805,train,73393008128,77097598976,68.3526,71.8027
806,train,73334393344,77097598976,68.298,71.8027
807,train,73333082624,77097598976,68.2968,71.8027
808,train,73372638720,77097598976,68.3336,71.8027
809,train,73443227136,77097598976,68.3993,71.8027
810,train,73729750528,77097598976,68.6662,71.8027
811,train,73593729024,77097598976,68.5395,71.8027
812,train,73206370304,77097598976,68.1787,71.8027
813,train,73333082624,77097598976,68.2968,71.8027
814,train,73372638720,77097598976,68.3336,71.8027
815,train,73227057152,77097598976,68.198,71.8027
816,train,73867743232,77097598976,68.7947,71.8027
817,train,73205433344,77097598976,68.1779,71.8027
818,train,73394302464,77097598976,68.3538,71.8027
819,train,73559374848,77097598976,68.5075,71.8027
820,train,73443628544,77097598976,68.3997,71.8027
821,train,73559374848,77097598976,68.5075,71.8027
822,train,73559956480,77097598976,68.508,71.8027
823,train,73371328000,77097598976,68.3324,71.8027
824,train,73334393344,77097598976,68.298,71.8027
825,train,73205433344,77097598976,68.1779,71.8027
826,train,73683747328,77097598976,68.6233,71.8027
827,train,73227057152,77097598976,68.198,71.8027
828,train,73559956480,77097598976,68.508,71.8027
829,train,73371328000,77097598976,68.3324,71.8027
830,train,73256563712,77097598976,68.2255,71.8027
831,train,73443227136,77097598976,68.3993,71.8027
832,train,73227994112,77097598976,68.1989,71.8027
833,train,73371328000,77097598976,68.3324,71.8027
834,train,73512399360,77097598976,68.4638,71.8027
835,train,73511309824,77097598976,68.4627,71.8027
836,train,73512399360,77097598976,68.4638,71.8027
837,train,73511309824,77097598976,68.4627,71.8027
838,train,73334393344,77097598976,68.298,71.8027
839,train,73476382208,77097598976,68.4302,71.8027
840,train,73122674176,77097598976,68.1008,71.8027
841,train,73476382208,77097598976,68.4302,71.8027
842,train,73256563712,77097598976,68.2255,71.8027
843,train,73559374848,77097598976,68.5075,71.8027
844,train,73256563712,77097598976,68.2255,71.8027
845,train,73443227136,77097598976,68.3993,71.8027
846,train,73185386496,77097598976,68.1592,71.8027
847,train,73593729024,77097598976,68.5395,71.8027
848,train,73559956480,77097598976,68.508,71.8027
849,train,73255626752,77097598976,68.2246,71.8027
850,train,73256563712,77097598976,68.2255,71.8027
851,train,73443227136,77097598976,68.3993,71.8027
852,train,73206370304,77097598976,68.1787,71.8027
853,train,73205433344,77097598976,68.1779,71.8027
854,train,73372638720,77097598976,68.3336,71.8027
855,train,73333082624,77097598976,68.2968,71.8027
856,train,73206370304,77097598976,68.1787,71.8027
857,train,73227057152,77097598976,68.198,71.8027
858,train,73729750528,77097598976,68.6662,71.8027
859,train,73255626752,77097598976,68.2246,71.8027
860,train,73443628544,77097598976,68.3997,71.8027
861,train,73559374848,77097598976,68.5075,71.8027
862,train,73443628544,77097598976,68.3997,71.8027
863,train,73227057152,77097598976,68.198,71.8027
864,train,73477799424,77097598976,68.4315,71.8027
865,train,73559374848,77097598976,68.5075,71.8027
866,train,73443628544,77097598976,68.3997,71.8027
867,train,73333082624,77097598976,68.2968,71.8027
868,train,73594818560,77097598976,68.5405,71.8027
869,train,73511309824,77097598976,68.4627,71.8027
870,train,73394302464,77097598976,68.3538,71.8027
871,train,73371328000,77097598976,68.3324,71.8027
872,train,73594818560,77097598976,68.5405,71.8027
873,train,73863540736,77097598976,68.7908,71.8027
874,train,73443628544,77097598976,68.3997,71.8027
875,train,73152879104,77097598976,68.1289,71.8027
875,eval,26290877440,77097598976,24.4853,71.8027
875,eval,26288616960,77097598976,24.4832,71.8027
875,eval,26343012352,77097598976,24.5338,71.8027
875,eval,26305245184,77097598976,24.4987,71.8027
875,eval,26349741056,77097598976,24.5401,71.8027
875,eval,26320991744,77097598976,24.5133,71.8027
875,eval,26261195776,77097598976,24.4576,71.8027
875,eval,26305703936,77097598976,24.4991,71.8027
875,eval,26261425152,77097598976,24.4579,71.8027
875,eval,26295157760,77097598976,24.4893,71.8027
875,eval,26254934016,77097598976,24.4518,71.8027
875,eval,26263449088,77097598976,24.4597,71.8027
875,eval,26226969600,77097598976,24.4258,71.8027
875,eval,26269822976,77097598976,24.4657,71.8027
875,eval,26262113792,77097598976,24.4585,71.8027
875,eval,26263907840,77097598976,24.4602,71.8027
875,eval,26262343168,77097598976,24.4587,71.8027
875,eval,26287697408,77097598976,24.4823,71.8027
875,eval,26308113408,77097598976,24.5013,71.8027
875,eval,26296747520,77097598976,24.4908,71.8027
875,eval,26358914048,77097598976,24.5487,71.8027
875,eval,26270953984,77097598976,24.4667,71.8027
875,eval,26263130112,77097598976,24.4594,71.8027
875,eval,26407075328,77097598976,24.5935,71.8027
875,eval,26291960832,77097598976,24.4863,71.8027
875,eval,26309449216,77097598976,24.5026,71.8027
875,eval,26325498880,77097598976,24.5175,71.8027
875,eval,26362060288,77097598976,24.5516,71.8027
875,eval,26271241216,77097598976,24.467,71.8027
875,eval,26296729088,77097598976,24.4907,71.8027
875,eval,26290786304,77097598976,24.4852,71.8027
875,eval,26362117632,77097598976,24.5516,71.8027
875,eval,26266161664,77097598976,24.4623,71.8027
875,eval,26383095808,77097598976,24.5712,71.8027
875,eval,26290786816,77097598976,24.4852,71.8027
875,eval,26326932992,77097598976,24.5189,71.8027
875,eval,26345816064,77097598976,24.5365,71.8027
875,eval,26265662464,77097598976,24.4618,71.8027
875,eval,26345816064,77097598976,24.5365,71.8027
875,eval,26296729600,77097598976,24.4907,71.8027
875,eval,26330436608,77097598976,24.5221,71.8027
875,eval,26324353024,77097598976,24.5165,71.8027
875,eval,26308672000,77097598976,24.5019,71.8027
875,eval,26331026944,77097598976,24.5227,71.8027
875,eval,26310343168,77097598976,24.5034,71.8027
875,eval,26298633216,77097598976,24.4925,71.8027
875,eval,26271275008,77097598976,24.467,71.8027
875,eval,26294239744,77097598976,24.4884,71.8027
875,eval,26295190016,77097598976,24.4893,71.8027
875,eval,26299092480,77097598976,24.4929,71.8027
875,eval,26253666816,77097598976,24.4506,71.8027
875,eval,26356166656,77097598976,24.5461,71.8027
875,eval,26334697472,77097598976,24.5261,71.8027
875,eval,25777659904,77097598976,24.0073,71.8027
876,train,73256563712,77097598976,68.2255,71.8027
877,train,73393008128,77097598976,68.3526,71.8027
878,train,73394302464,77097598976,68.3538,71.8027
879,train,73255626752,77097598976,68.2246,71.8027
880,train,73443628544,77097598976,68.3997,71.8027
881,train,73476382208,77097598976,68.4302,71.8027
882,train,73256563712,77097598976,68.2255,71.8027
883,train,73255626752,77097598976,68.2246,71.8027
884,train,73334393344,77097598976,68.298,71.8027
885,train,73333082624,77097598976,68.2968,71.8027
886,train,73831448576,77097598976,68.7609,71.8027
887,train,73333082624,77097598976,68.2968,71.8027
888,train,73477799424,77097598976,68.4315,71.8027
889,train,73511309824,77097598976,68.4627,71.8027
890,train,73443628544,77097598976,68.3997,71.8027
891,train,73333082624,77097598976,68.2968,71.8027
892,train,73227994112,77097598976,68.1989,71.8027
893,train,73255626752,77097598976,68.2246,71.8027
894,train,73637376512,77097598976,68.5802,71.8027
895,train,73227057152,77097598976,68.198,71.8027
896,train,73372638720,77097598976,68.3336,71.8027
897,train,73227057152,77097598976,68.198,71.8027
898,train,73443628544,77097598976,68.3997,71.8027
899,train,73205433344,77097598976,68.1779,71.8027
900,train,73477799424,77097598976,68.4315,71.8027
901,train,73152879104,77097598976,68.1289,71.8027
902,train,73637376512,77097598976,68.5802,71.8027
903,train,73333082624,77097598976,68.2968,71.8027
904,train,73512399360,77097598976,68.4638,71.8027
905,train,73121491456,77097598976,68.0997,71.8027
906,train,73256563712,77097598976,68.2255,71.8027
907,train,73255626752,77097598976,68.2246,71.8027
908,train,73256563712,77097598976,68.2255,71.8027
909,train,73255626752,77097598976,68.2246,71.8027
910,train,73372638720,77097598976,68.3336,71.8027
911,train,73333082624,77097598976,68.2968,71.8027
912,train,73206370304,77097598976,68.1787,71.8027
913,train,73393008128,77097598976,68.3526,71.8027
914,train,73512399360,77097598976,68.4638,71.8027
915,train,73863540736,77097598976,68.7908,71.8027
916,train,73477799424,77097598976,68.4315,71.8027
917,train,73476382208,77097598976,68.4302,71.8027
918,train,73683747328,77097598976,68.6233,71.8027
919,train,73333082624,77097598976,68.2968,71.8027
920,train,73637376512,77097598976,68.5802,71.8027
921,train,73511309824,77097598976,68.4627,71.8027
922,train,73227994112,77097598976,68.1989,71.8027
923,train,73476382208,77097598976,68.4302,71.8027
924,train,73227994112,77097598976,68.1989,71.8027
925,train,73227057152,77097598976,68.198,71.8027
926,train,73227994112,77097598976,68.1989,71.8027
927,train,73255626752,77097598976,68.2246,71.8027
928,train,73512399360,77097598976,68.4638,71.8027
929,train,73333082624,77097598976,68.2968,71.8027
930,train,73334393344,77097598976,68.298,71.8027
931,train,73511309824,77097598976,68.4627,71.8027
932,train,73559956480,77097598976,68.508,71.8027
933,train,73393008128,77097598976,68.3526,71.8027
934,train,73594818560,77097598976,68.5405,71.8027
935,train,73205433344,77097598976,68.1779,71.8027
936,train,73637376512,77097598976,68.5802,71.8027
937,train,73443227136,77097598976,68.3993,71.8027
938,train,73394302464,77097598976,68.3538,71.8027
939,train,73184449536,77097598976,68.1583,71.8027
940,train,73334393344,77097598976,68.298,71.8027
941,train,73184449536,77097598976,68.1583,71.8027
942,train,73256563712,77097598976,68.2255,71.8027
943,train,73255626752,77097598976,68.2246,71.8027
944,train,73512399360,77097598976,68.4638,71.8027
945,train,73227057152,77097598976,68.198,71.8027
946,train,73334393344,77097598976,68.298,71.8027
947,train,73637351936,77097598976,68.5801,71.8027
948,train,73372638720,77097598976,68.3336,71.8027
949,train,73593729024,77097598976,68.5395,71.8027
950,train,73559956480,77097598976,68.508,71.8027
951,train,73937998848,77097598976,68.8601,71.8027
952,train,73394302464,77097598976,68.3538,71.8027
953,train,73593729024,77097598976,68.5395,71.8027
954,train,73372638720,77097598976,68.3336,71.8027
955,train,73152879104,77097598976,68.1289,71.8027
956,train,73867743232,77097598976,68.7947,71.8027
957,train,73205433344,77097598976,68.1779,71.8027
958,train,73394302464,77097598976,68.3538,71.8027
959,train,73227057152,77097598976,68.198,71.8027
960,train,73334393344,77097598976,68.298,71.8027
961,train,73476382208,77097598976,68.4302,71.8027
962,train,73206370304,77097598976,68.1787,71.8027
963,train,73227057152,77097598976,68.198,71.8027
964,train,73256563712,77097598976,68.2255,71.8027
965,train,73227057152,77097598976,68.198,71.8027
966,train,73729750528,77097598976,68.6662,71.8027
967,train,73371328000,77097598976,68.3324,71.8027
968,train,73372638720,77097598976,68.3336,71.8027
969,train,73393008128,77097598976,68.3526,71.8027
970,train,73477799424,77097598976,68.4315,71.8027
971,train,73476382208,77097598976,68.4302,71.8027
972,train,73334393344,77097598976,68.298,71.8027
973,train,73227057152,77097598976,68.198,71.8027
974,train,73729750528,77097598976,68.6662,71.8027
975,train,73559374848,77097598976,68.5075,71.8027
976,train,73394302464,77097598976,68.3538,71.8027
977,train,73393008128,77097598976,68.3526,71.8027
978,train,73394302464,77097598976,68.3538,71.8027
979,train,73393008128,77097598976,68.3526,71.8027
980,train,73122674176,77097598976,68.1008,71.8027
981,train,73559374848,77097598976,68.5075,71.8027
982,train,73594818560,77097598976,68.5405,71.8027
983,train,73371328000,77097598976,68.3324,71.8027
984,train,73637376512,77097598976,68.5802,71.8027
985,train,73393008128,77097598976,68.3526,71.8027
986,train,73334393344,77097598976,68.298,71.8027
987,train,73184449536,77097598976,68.1583,71.8027
988,train,73372638720,77097598976,68.3336,71.8027
989,train,73393008128,77097598976,68.3526,71.8027
990,train,73206370304,77097598976,68.1787,71.8027
991,train,73184449536,77097598976,68.1583,71.8027
992,train,73372638720,77097598976,68.3336,71.8027
993,train,73637351936,77097598976,68.5801,71.8027
994,train,73206370304,77097598976,68.1787,71.8027
995,train,73393008128,77097598976,68.3526,71.8027
996,train,73477799424,77097598976,68.4315,71.8027
997,train,73227057152,77097598976,68.198,71.8027
998,train,73334393344,77097598976,68.298,71.8027
999,train,73205433344,77097598976,68.1779,71.8027
1000,train,73559956480,77097598976,68.508,71.8027
1000,eval,26290878976,77097598976,24.4853,71.8027
1000,eval,26289929216,77097598976,24.4844,71.8027
1000,eval,26343013888,77097598976,24.5338,71.8027
1000,eval,26307810816,77097598976,24.5011,71.8027
1000,eval,26349742592,77097598976,24.5401,71.8027
1000,eval,26324089856,77097598976,24.5162,71.8027
1000,eval,26261197312,77097598976,24.4576,71.8027
1000,eval,26308269568,77097598976,24.5015,71.8027
1000,eval,26261426688,77097598976,24.4579,71.8027
1000,eval,26297764352,77097598976,24.4917,71.8027
1000,eval,26254935552,77097598976,24.4518,71.8027
1000,eval,26263843840,77097598976,24.4601,71.8027
1000,eval,26226971136,77097598976,24.4258,71.8027
1000,eval,26270217728,77097598976,24.466,71.8027
1000,eval,26262115328,77097598976,24.4585,71.8027
1000,eval,26264302592,77097598976,24.4605,71.8027
1000,eval,26262344704,77097598976,24.4587,71.8027
1000,eval,26289009664,77097598976,24.4835,71.8027
1000,eval,26308114944,77097598976,24.5013,71.8027
1000,eval,26299354112,77097598976,24.4932,71.8027
1000,eval,26358915584,77097598976,24.5487,71.8027
1000,eval,26271348736,77097598976,24.4671,71.8027
1000,eval,26263131648,77097598976,24.4594,71.8027
1000,eval,26407076864,77097598976,24.5935,71.8027
1000,eval,26291945984,77097598976,24.4863,71.8027
1000,eval,26308770816,77097598976,24.502,71.8027
1000,eval,26325500416,77097598976,24.5175,71.8027
1000,eval,26361644032,77097598976,24.5512,71.8027
1000,eval,26271250944,77097598976,24.467,71.8027
1000,eval,26295583744,77097598976,24.4897,71.8027
1000,eval,26290542080,77097598976,24.485,71.8027
1000,eval,26361644032,77097598976,24.5512,71.8027
1000,eval,26266720256,77097598976,24.4628,71.8027
1000,eval,26384670208,77097598976,24.5726,71.8027
1000,eval,26290542592,77097598976,24.485,71.8027
1000,eval,26325771264,77097598976,24.5178,71.8027
1000,eval,26345817600,77097598976,24.5365,71.8027
1000,eval,26268105216,77097598976,24.4641,71.8027
1000,eval,26345817600,77097598976,24.5365,71.8027
1000,eval,26296731136,77097598976,24.4907,71.8027
1000,eval,26330438144,77097598976,24.5221,71.8027
1000,eval,26325771776,77097598976,24.5178,71.8027
1000,eval,26308673536,77097598976,24.5019,71.8027
1000,eval,26333346816,77097598976,24.5248,71.8027
1000,eval,26310344704,77097598976,24.5034,71.8027
1000,eval,26302124544,77097598976,24.4958,71.8027
1000,eval,26271276544,77097598976,24.467,71.8027
1000,eval,26295552000,77097598976,24.4896,71.8027
1000,eval,26295191552,77097598976,24.4893,71.8027
1000,eval,26302583808,77097598976,24.4962,71.8027
1000,eval,26253668352,77097598976,24.4506,71.8027
1000,eval,26357913088,77097598976,24.5477,71.8027
1000,eval,26334699008,77097598976,24.5261,71.8027
1000,eval,25778972160,77097598976,24.0085,71.8027
1001,train,73682739712,77097598976,68.6224,71.8027
1002,train,73791809024,77097598976,68.724,71.8027
1003,train,73333082624,77097598976,68.2968,71.8027
1004,train,73394302464,77097598976,68.3538,71.8027
1005,train,73593729024,77097598976,68.5395,71.8027
1006,train,73256563712,77097598976,68.2255,71.8027
1007,train,73728783872,77097598976,68.6653,71.8027
1008,train,50923145216,77097598976,47.4259,71.8027
1009,train,73637351936,77097598976,68.5801,71.8027
1010,train,73206370304,77097598976,68.1787,71.8027
1011,train,73511309824,77097598976,68.4627,71.8027
1012,train,73227994112,77097598976,68.1989,71.8027
1013,train,73443227136,77097598976,68.3993,71.8027
1014,train,73334393344,77097598976,68.298,71.8027
1015,train,73333082624,77097598976,68.2968,71.8027
1016,train,73443628544,77097598976,68.3997,71.8027
1017,train,73255626752,77097598976,68.2246,71.8027
1018,train,73683747328,77097598976,68.6233,71.8027
1019,train,73559374848,77097598976,68.5075,71.8027
1020,train,73729750528,77097598976,68.6662,71.8027
1021,train,73184449536,77097598976,68.1583,71.8027
1022,train,73594818560,77097598976,68.5405,71.8027
1023,train,73255626752,77097598976,68.2246,71.8027
1024,train,73791809024,77097598976,68.724,71.8027
1025,train,73227057152,77097598976,68.198,71.8027
1026,train,73334393344,77097598976,68.298,71.8027
1027,train,73443227136,77097598976,68.3993,71.8027
1028,train,73394302464,77097598976,68.3538,71.8027
1029,train,73476382208,77097598976,68.4302,71.8027
1030,train,73227994112,77097598976,68.1989,71.8027
1031,train,73593729024,77097598976,68.5395,71.8027
1032,train,73443628544,77097598976,68.3997,71.8027
1033,train,73227057152,77097598976,68.198,71.8027
1034,train,73206370304,77097598976,68.1787,71.8027
1035,train,73255626752,77097598976,68.2246,71.8027
1036,train,73185386496,77097598976,68.1592,71.8027
1037,train,73559374848,77097598976,68.5075,71.8027
1038,train,73559956480,77097598976,68.508,71.8027
1039,train,73255626752,77097598976,68.2246,71.8027
1040,train,73394302464,77097598976,68.3538,71.8027
1041,train,73333082624,77097598976,68.2968,71.8027
1042,train,73227994112,77097598976,68.1989,71.8027
1043,train,73255626752,77097598976,68.2246,71.8027
1044,train,73372638720,77097598976,68.3336,71.8027
1045,train,73443227136,77097598976,68.3993,71.8027
1046,train,73155454464,77097598976,68.1313,71.8027
1047,train,73593729024,77097598976,68.5395,71.8027
1048,train,73443628544,77097598976,68.3997,71.8027
1049,train,73511309824,77097598976,68.4627,71.8027
1050,train,73867743232,77097598976,68.7947,71.8027
1051,train,73371328000,77097598976,68.3324,71.8027
1052,train,73185386496,77097598976,68.1592,71.8027
1053,train,73559374848,77097598976,68.5075,71.8027
1054,train,73334393344,77097598976,68.298,71.8027
1055,train,73205433344,77097598976,68.1779,71.8027
1056,train,73443628544,77097598976,68.3997,71.8027
1057,train,73371328000,77097598976,68.3324,71.8027
1058,train,73334393344,77097598976,68.298,71.8027
1059,train,73121491456,77097598976,68.0997,71.8027
1060,train,73443628544,77097598976,68.3997,71.8027
1061,train,73593729024,77097598976,68.5395,71.8027
1062,train,73443628544,77097598976,68.3997,71.8027
1063,train,73255626752,77097598976,68.2246,71.8027
1064,train,73372638720,77097598976,68.3336,71.8027
1065,train,73227057152,77097598976,68.198,71.8027
1066,train,73637376512,77097598976,68.5802,71.8027
1067,train,73637351936,77097598976,68.5801,71.8027
1068,train,73334393344,77097598976,68.298,71.8027
1069,train,73511309824,77097598976,68.4627,71.8027
1070,train,73256563712,77097598976,68.2255,71.8027
1071,train,73559374848,77097598976,68.5075,71.8027
1072,train,73637376512,77097598976,68.5802,71.8027
1073,train,73443227136,77097598976,68.3993,71.8027
1074,train,73206370304,77097598976,68.1787,71.8027
1075,train,73393008128,77097598976,68.3526,71.8027
1076,train,73512399360,77097598976,68.4638,71.8027
1077,train,73559374848,77097598976,68.5075,71.8027
1078,train,73729750528,77097598976,68.6662,71.8027
1079,train,73227057152,77097598976,68.198,71.8027
1080,train,73256563712,77097598976,68.2255,71.8027
1081,train,73559374848,77097598976,68.5075,71.8027
1082,train,73559956480,77097598976,68.508,71.8027
1083,train,73152879104,77097598976,68.1289,71.8027
1084,train,73594818560,77097598976,68.5405,71.8027
1085,train,73559374848,77097598976,68.5075,71.8027
1086,train,73867743232,77097598976,68.7947,71.8027
1087,train,73728783872,77097598976,68.6653,71.8027
1088,train,73372638720,77097598976,68.3336,71.8027
1089,train,73559374848,77097598976,68.5075,71.8027
1090,train,73155454464,77097598976,68.1313,71.8027
1091,train,73791866368,77097598976,68.724,71.8027
1092,train,73227994112,77097598976,68.1989,71.8027
1093,train,73255626752,77097598976,68.2246,71.8027
1094,train,73394302464,77097598976,68.3538,71.8027
1095,train,73205433344,77097598976,68.1779,71.8027
1096,train,73256563712,77097598976,68.2255,71.8027
1097,train,73152879104,77097598976,68.1289,71.8027
1098,train,73394302464,77097598976,68.3538,71.8027
1099,train,73476382208,77097598976,68.4302,71.8027
1100,train,73256563712,77097598976,68.2255,71.8027
1101,train,73227057152,77097598976,68.198,71.8027
1102,train,73559956480,77097598976,68.508,71.8027
1103,train,73511309824,77097598976,68.4627,71.8027
1104,train,73594818560,77097598976,68.5405,71.8027
1105,train,73476382208,77097598976,68.4302,71.8027
1106,train,73206370304,77097598976,68.1787,71.8027
1107,train,73511309824,77097598976,68.4627,71.8027
1108,train,73372638720,77097598976,68.3336,71.8027
1109,train,73371328000,77097598976,68.3324,71.8027
1110,train,73372638720,77097598976,68.3336,71.8027
1111,train,73393008128,77097598976,68.3526,71.8027
1112,train,73443628544,77097598976,68.3997,71.8027
1113,train,73393008128,77097598976,68.3526,71.8027
1114,train,73594818560,77097598976,68.5405,71.8027
1115,train,73511309824,77097598976,68.4627,71.8027
1116,train,73394302464,77097598976,68.3538,71.8027
1117,train,73559374848,77097598976,68.5075,71.8027
1118,train,73443628544,77097598976,68.3997,71.8027
1119,train,73511309824,77097598976,68.4627,71.8027
1120,train,73334393344,77097598976,68.298,71.8027
1121,train,73152879104,77097598976,68.1289,71.8027
1122,train,73334393344,77097598976,68.298,71.8027
1123,train,73333082624,77097598976,68.2968,71.8027
1124,train,73185386496,77097598976,68.1592,71.8027
1125,train,73393008128,77097598976,68.3526,71.8027
1125,eval,26290878464,77097598976,24.4853,71.8027
1125,eval,26288617984,77097598976,24.4832,71.8027
1125,eval,26343013376,77097598976,24.5338,71.8027
1125,eval,26305246208,77097598976,24.4987,71.8027
1125,eval,26349742080,77097598976,24.5401,71.8027
1125,eval,26320992768,77097598976,24.5133,71.8027
1125,eval,26261196800,77097598976,24.4576,71.8027
1125,eval,26305704960,77097598976,24.4991,71.8027
1125,eval,26261426176,77097598976,24.4579,71.8027
1125,eval,26295158784,77097598976,24.4893,71.8027
1125,eval,26254935040,77097598976,24.4518,71.8027
1125,eval,26263450112,77097598976,24.4597,71.8027
1125,eval,26226970624,77097598976,24.4258,71.8027
1125,eval,26269824000,77097598976,24.4657,71.8027
1125,eval,26262114816,77097598976,24.4585,71.8027
1125,eval,26263908864,77097598976,24.4602,71.8027
1125,eval,26262344192,77097598976,24.4587,71.8027
1125,eval,26287698432,77097598976,24.4823,71.8027
1125,eval,26308114432,77097598976,24.5013,71.8027
1125,eval,26296748544,77097598976,24.4908,71.8027
1125,eval,26358915072,77097598976,24.5487,71.8027
1125,eval,26270955008,77097598976,24.4667,71.8027
1125,eval,26263131136,77097598976,24.4594,71.8027
1125,eval,26407076352,77097598976,24.5935,71.8027
1125,eval,26291961856,77097598976,24.4863,71.8027
1125,eval,26309450240,77097598976,24.5026,71.8027
1125,eval,26325499904,77097598976,24.5175,71.8027
1125,eval,26362061312,77097598976,24.5516,71.8027
1125,eval,26271242240,77097598976,24.467,71.8027
1125,eval,26296730112,77097598976,24.4907,71.8027
1125,eval,26290787328,77097598976,24.4852,71.8027
1125,eval,26362118656,77097598976,24.5516,71.8027
1125,eval,26266162688,77097598976,24.4623,71.8027
1125,eval,26383096832,77097598976,24.5712,71.8027
1125,eval,26290787840,77097598976,24.4852,71.8027
1125,eval,26326934016,77097598976,24.5189,71.8027
1125,eval,26345817088,77097598976,24.5365,71.8027
1125,eval,26265663488,77097598976,24.4618,71.8027
1125,eval,26345817088,77097598976,24.5365,71.8027
1125,eval,26296730624,77097598976,24.4907,71.8027
1125,eval,26330437632,77097598976,24.5221,71.8027
1125,eval,26324354048,77097598976,24.5165,71.8027
1125,eval,26308673024,77097598976,24.5019,71.8027
1125,eval,26331027968,77097598976,24.5227,71.8027
1125,eval,26310344192,77097598976,24.5034,71.8027
1125,eval,26298634240,77097598976,24.4925,71.8027
1125,eval,26271276032,77097598976,24.467,71.8027
1125,eval,26294240768,77097598976,24.4884,71.8027
1125,eval,26295191040,77097598976,24.4893,71.8027
1125,eval,26299093504,77097598976,24.4929,71.8027
1125,eval,26253667840,77097598976,24.4506,71.8027
1125,eval,26356167680,77097598976,24.5461,71.8027
1125,eval,26334698496,77097598976,24.5261,71.8027
1125,eval,25777660928,77097598976,24.0073,71.8027
1126,train,73477799424,77097598976,68.4315,71.8027
1127,train,73393008128,77097598976,68.3526,71.8027
1128,train,73394302464,77097598976,68.3538,71.8027
1129,train,73511309824,77097598976,68.4627,71.8027
1130,train,73185386496,77097598976,68.1592,71.8027
1131,train,74398756352,77097598976,69.2892,71.8027
1132,train,73394302464,77097598976,68.3538,71.8027
1133,train,73682739712,77097598976,68.6224,71.8027
1134,train,73559956480,77097598976,68.508,71.8027
1135,train,73371328000,77097598976,68.3324,71.8027
1136,train,73831448576,77097598976,68.7609,71.8027
1137,train,73559374848,77097598976,68.5075,71.8027
1138,train,73185386496,77097598976,68.1592,71.8027
1139,train,73443227136,77097598976,68.3993,71.8027
1140,train,73256563712,77097598976,68.2255,71.8027
1141,train,73205433344,77097598976,68.1779,71.8027
1142,train,73443628544,77097598976,68.3997,71.8027
1143,train,73393008128,77097598976,68.3526,71.8027
1144,train,73637376512,77097598976,68.5802,71.8027
1145,train,73333082624,77097598976,68.2968,71.8027
1146,train,73594818560,77097598976,68.5405,71.8027
1147,train,73637351936,77097598976,68.5801,71.8027
1148,train,73372638720,77097598976,68.3336,71.8027
1149,train,73393008128,77097598976,68.3526,71.8027
1150,train,73334393344,77097598976,68.298,71.8027
1151,train,73443227136,77097598976,68.3993,71.8027
1152,train,73256563712,77097598976,68.2255,71.8027
1153,train,73637351936,77097598976,68.5801,71.8027
1154,train,73334393344,77097598976,68.298,71.8027
1155,train,73227057152,77097598976,68.198,71.8027
1156,train,73206370304,77097598976,68.1787,71.8027
1157,train,73227057152,77097598976,68.198,71.8027
1158,train,73394302464,77097598976,68.3538,71.8027
1159,train,73371328000,77097598976,68.3324,71.8027
1160,train,73227994112,77097598976,68.1989,71.8027
1161,train,73255626752,77097598976,68.2246,71.8027
1162,train,73372638720,77097598976,68.3336,71.8027
1163,train,73476382208,77097598976,68.4302,71.8027
1164,train,73334393344,77097598976,68.298,71.8027
1165,train,73371328000,77097598976,68.3324,71.8027
1166,train,73443628544,77097598976,68.3997,71.8027
1167,train,73393008128,77097598976,68.3526,71.8027
1168,train,73477799424,77097598976,68.4315,71.8027
1169,train,73393008128,77097598976,68.3526,71.8027
1170,train,73477799424,77097598976,68.4315,71.8027
1171,train,73393008128,77097598976,68.3526,71.8027
1172,train,73594818560,77097598976,68.5405,71.8027
1173,train,73371328000,77097598976,68.3324,71.8027
1174,train,73334393344,77097598976,68.298,71.8027
1175,train,73184449536,77097598976,68.1583,71.8027
1176,train,73372638720,77097598976,68.3336,71.8027
1177,train,73371328000,77097598976,68.3324,71.8027
1178,train,73512399360,77097598976,68.4638,71.8027
1179,train,73205433344,77097598976,68.1779,71.8027
1180,train,73477799424,77097598976,68.4315,71.8027
1181,train,73333082624,77097598976,68.2968,71.8027
1182,train,73334393344,77097598976,68.298,71.8027
1183,train,73593729024,77097598976,68.5395,71.8027
1184,train,73334393344,77097598976,68.298,71.8027
1185,train,73393008128,77097598976,68.3526,71.8027
1186,train,73512399360,77097598976,68.4638,71.8027
1187,train,73637351936,77097598976,68.5801,71.8027
1188,train,73227994112,77097598976,68.1989,71.8027
1189,train,73476382208,77097598976,68.4302,71.8027
1190,train,73443628544,77097598976,68.3997,71.8027
1191,train,73255626752,77097598976,68.2246,71.8027
1192,train,73394302464,77097598976,68.3538,71.8027
1193,train,73255626752,77097598976,68.2246,71.8027
1194,train,73227994112,77097598976,68.1989,71.8027
1195,train,73393008128,77097598976,68.3526,71.8027
1196,train,73334393344,77097598976,68.298,71.8027
1197,train,73476382208,77097598976,68.4302,71.8027
1198,train,73594818560,77097598976,68.5405,71.8027
1199,train,73863540736,77097598976,68.7908,71.8027
1200,train,73394302464,77097598976,68.3538,71.8027
1201,train,73443227136,77097598976,68.3993,71.8027
1202,train,73394302464,77097598976,68.3538,71.8027
1203,train,73227057152,77097598976,68.198,71.8027
1204,train,73227994112,77097598976,68.1989,71.8027
1205,train,73476382208,77097598976,68.4302,71.8027
1206,train,73334393344,77097598976,68.298,71.8027
1207,train,73227057152,77097598976,68.198,71.8027
1208,train,73227994112,77097598976,68.1989,71.8027
1209,train,73476382208,77097598976,68.4302,71.8027
1210,train,73256563712,77097598976,68.2255,71.8027
1211,train,73476382208,77097598976,68.4302,71.8027
1212,train,73637376512,77097598976,68.5802,71.8027
1213,train,73205433344,77097598976,68.1779,71.8027
1214,train,73559956480,77097598976,68.508,71.8027
1215,train,73559374848,77097598976,68.5075,71.8027
1216,train,73372638720,77097598976,68.3336,71.8027
1217,train,73371328000,77097598976,68.3324,71.8027
1218,train,73559956480,77097598976,68.508,71.8027
1219,train,73333082624,77097598976,68.2968,71.8027
1220,train,73512399360,77097598976,68.4638,71.8027
1221,train,73227057152,77097598976,68.198,71.8027
1222,train,73334393344,77097598976,68.298,71.8027
1223,train,73476382208,77097598976,68.4302,71.8027
1224,train,73512399360,77097598976,68.4638,71.8027
1225,train,73511309824,77097598976,68.4627,71.8027
1226,train,73477799424,77097598976,68.4315,71.8027
1227,train,73476382208,77097598976,68.4302,71.8027
1228,train,73594818560,77097598976,68.5405,71.8027
1229,train,73476382208,77097598976,68.4302,71.8027
1230,train,73394302464,77097598976,68.3538,71.8027
1231,train,73728783872,77097598976,68.6653,71.8027
1232,train,73512399360,77097598976,68.4638,71.8027
1233,train,73371328000,77097598976,68.3324,71.8027
1234,train,73791809024,77097598976,68.724,71.8027
1235,train,73637351936,77097598976,68.5801,71.8027
1236,train,73394302464,77097598976,68.3538,71.8027
1237,train,73393008128,77097598976,68.3526,71.8027
1238,train,73256563712,77097598976,68.2255,71.8027
1239,train,73333082624,77097598976,68.2968,71.8027
1240,train,73334393344,77097598976,68.298,71.8027
1241,train,73255626752,77097598976,68.2246,71.8027
1242,train,73372638720,77097598976,68.3336,71.8027
1243,train,73333082624,77097598976,68.2968,71.8027
1244,train,73372638720,77097598976,68.3336,71.8027
1245,train,73863540736,77097598976,68.7908,71.8027
1246,train,73512399360,77097598976,68.4638,71.8027
1247,train,73205433344,77097598976,68.1779,71.8027
1248,train,73477799424,77097598976,68.4315,71.8027
1249,train,73205433344,77097598976,68.1779,71.8027
1250,train,73372638720,77097598976,68.3336,71.8027
1250,eval,26290878464,77097598976,24.4853,71.8027
1250,eval,26289928704,77097598976,24.4844,71.8027
1250,eval,26343013376,77097598976,24.5338,71.8027
1250,eval,26307810304,77097598976,24.5011,71.8027
1250,eval,26349742080,77097598976,24.5401,71.8027
1250,eval,26324089344,77097598976,24.5162,71.8027
1250,eval,26261196800,77097598976,24.4576,71.8027
1250,eval,26308269056,77097598976,24.5015,71.8027
1250,eval,26261426176,77097598976,24.4579,71.8027
1250,eval,26297763840,77097598976,24.4917,71.8027
1250,eval,26254935040,77097598976,24.4518,71.8027
1250,eval,26263843328,77097598976,24.4601,71.8027
1250,eval,26226970624,77097598976,24.4258,71.8027
1250,eval,26270217216,77097598976,24.466,71.8027
1250,eval,26262114816,77097598976,24.4585,71.8027
1250,eval,26264302080,77097598976,24.4605,71.8027
1250,eval,26262344192,77097598976,24.4587,71.8027
1250,eval,26289009152,77097598976,24.4835,71.8027
1250,eval,26308114432,77097598976,24.5013,71.8027
1250,eval,26299353600,77097598976,24.4932,71.8027
1250,eval,26358915072,77097598976,24.5487,71.8027
1250,eval,26271348224,77097598976,24.4671,71.8027
1250,eval,26263131136,77097598976,24.4594,71.8027
1250,eval,26407076352,77097598976,24.5935,71.8027
1250,eval,26291945472,77097598976,24.4863,71.8027
1250,eval,26308770304,77097598976,24.502,71.8027
1250,eval,26325499904,77097598976,24.5175,71.8027
1250,eval,26361643520,77097598976,24.5512,71.8027
1250,eval,26271250432,77097598976,24.467,71.8027
1250,eval,26295583232,77097598976,24.4897,71.8027
1250,eval,26290541568,77097598976,24.485,71.8027
1250,eval,26361643520,77097598976,24.5512,71.8027
1250,eval,26266719744,77097598976,24.4628,71.8027
1250,eval,26384669696,77097598976,24.5726,71.8027
1250,eval,26290542080,77097598976,24.485,71.8027
1250,eval,26325770752,77097598976,24.5178,71.8027
1250,eval,26345817088,77097598976,24.5365,71.8027
1250,eval,26268104704,77097598976,24.4641,71.8027
1250,eval,26345817088,77097598976,24.5365,71.8027
1250,eval,26296730624,77097598976,24.4907,71.8027
1250,eval,26330437632,77097598976,24.5221,71.8027
1250,eval,26325771264,77097598976,24.5178,71.8027
1250,eval,26308673024,77097598976,24.5019,71.8027
1250,eval,26333346304,77097598976,24.5248,71.8027
1250,eval,26310344192,77097598976,24.5034,71.8027
1250,eval,26302124032,77097598976,24.4958,71.8027
1250,eval,26271276032,77097598976,24.467,71.8027
1250,eval,26295551488,77097598976,24.4896,71.8027
1250,eval,26295191040,77097598976,24.4893,71.8027
1250,eval,26302583296,77097598976,24.4962,71.8027
1250,eval,26253667840,77097598976,24.4506,71.8027
1250,eval,26357912576,77097598976,24.5477,71.8027
1250,eval,26334698496,77097598976,24.5261,71.8027
1250,eval,25778971648,77097598976,24.0085,71.8027
1251,train,73511309824,77097598976,68.4627,71.8027
1252,train,73443628544,77097598976,68.3997,71.8027
1253,train,73227057152,77097598976,68.198,71.8027
1254,train,73683747328,77097598976,68.6233,71.8027
1255,train,73255626752,77097598976,68.2246,71.8027
1256,train,73939743744,77097598976,68.8618,71.8027
1257,train,73227057152,77097598976,68.198,71.8027
1258,train,73394302464,77097598976,68.3538,71.8027
1259,train,73728783872,77097598976,68.6653,71.8027
1260,train,50706468864,77097598976,47.2241,71.8027
