timestamp, memory.used [MiB], memory.total [MiB], utilization.gpu [%]
2026/06/25 06:52:10.092, 6747, 97887, 19
2026/06/25 06:52:11.095, 6747, 97887, 0
2026/06/25 06:52:12.096, 6747, 97887, 0
2026/06/25 06:52:13.096, 6747, 97887, 0
2026/06/25 06:52:14.097, 6747, 97887, 0
2026/06/25 06:52:15.097, 6747, 97887, 0
2026/06/25 06:52:16.097, 6747, 97887, 0
2026/06/25 06:52:17.098, 6747, 97887, 0
2026/06/25 06:52:18.098, 6747, 97887, 0
2026/06/25 06:52:19.099, 6763, 97887, 0
2026/06/25 06:52:20.099, 62357, 97887, 10
2026/06/25 06:52:21.100, 78395, 97887, 100
2026/06/25 06:52:22.100, 90277, 97887, 100
2026/06/25 06:52:23.101, 91041, 97887, 100
2026/06/25 06:52:24.101, 91041, 97887, 93
2026/06/25 06:52:25.101, 91041, 97887, 100
2026/06/25 06:52:26.102, 91041, 97887, 100
2026/06/25 06:52:27.102, 91041, 97887, 85
2026/06/25 06:52:28.103, 91041, 97887, 100
2026/06/25 06:52:29.103, 91041, 97887, 100
2026/06/25 06:52:30.103, 91041, 97887, 100
2026/06/25 06:52:31.104, 91041, 97887, 97
2026/06/25 06:52:32.104, 91041, 97887, 100
2026/06/25 06:52:33.105, 91041, 97887, 87
2026/06/25 06:52:34.105, 91041, 97887, 100
2026/06/25 06:52:35.106, 91041, 97887, 100
2026/06/25 06:52:36.106, 91041, 97887, 94
2026/06/25 06:52:37.106, 91041, 97887, 100
2026/06/25 06:52:38.107, 91041, 97887, 90
2026/06/25 06:52:39.107, 91041, 97887, 100
2026/06/25 06:52:40.108, 91041, 97887, 100
2026/06/25 06:52:41.108, 91041, 97887, 100
2026/06/25 06:52:42.109, 91295, 97887, 93
2026/06/25 06:52:43.109, 91295, 97887, 100
2026/06/25 06:52:44.109, 91295, 97887, 92
2026/06/25 06:52:45.110, 91295, 97887, 100
2026/06/25 06:52:46.110, 91295, 97887, 100
2026/06/25 06:52:47.111, 91295, 97887, 94
2026/06/25 06:52:48.111, 91295, 97887, 100
2026/06/25 06:52:49.111, 91295, 97887, 72
2026/06/25 06:52:50.112, 91295, 97887, 100
2026/06/25 06:52:51.112, 91295, 97887, 100
2026/06/25 06:52:52.113, 91295, 97887, 100
2026/06/25 06:52:53.113, 91295, 97887, 93
2026/06/25 06:52:54.113, 91295, 97887, 100
2026/06/25 06:52:55.114, 91295, 97887, 73
2026/06/25 06:52:56.114, 91295, 97887, 100
2026/06/25 06:52:57.115, 91295, 97887, 100
2026/06/25 06:52:58.115, 91295, 97887, 91
2026/06/25 06:52:59.115, 91295, 97887, 97
2026/06/25 06:53:00.116, 91295, 97887, 99
2026/06/25 06:53:01.116, 91295, 97887, 99
2026/06/25 06:53:02.117, 91295, 97887, 100
2026/06/25 06:53:03.117, 91295, 97887, 100
2026/06/25 06:53:04.117, 91295, 97887, 93
2026/06/25 06:53:05.118, 91295, 97887, 100
2026/06/25 06:53:06.118, 91295, 97887, 75
2026/06/25 06:53:07.118, 91295, 97887, 100
2026/06/25 06:53:08.119, 91295, 97887, 100
2026/06/25 06:53:09.120, 91295, 97887, 100
2026/06/25 06:53:10.120, 91295, 97887, 91
2026/06/25 06:53:11.120, 91295, 97887, 100
2026/06/25 06:53:12.121, 91295, 97887, 74
2026/06/25 06:53:13.121, 91549, 97887, 100
2026/06/25 06:53:14.122, 91549, 97887, 100
2026/06/25 06:53:15.122, 91549, 97887, 100
2026/06/25 06:53:16.123, 91549, 97887, 97
2026/06/25 06:53:17.123, 91549, 97887, 100
2026/06/25 06:53:18.123, 91549, 97887, 67
2026/06/25 06:53:19.124, 91549, 97887, 100
2026/06/25 06:53:20.124, 91549, 97887, 100
2026/06/25 06:53:21.125, 91549, 97887, 96
2026/06/25 06:53:22.125, 91549, 97887, 97
2026/06/25 06:53:23.126, 91549, 97887, 100
2026/06/25 06:53:24.126, 91549, 97887, 91
2026/06/25 06:53:25.126, 91549, 97887, 100
2026/06/25 06:53:26.127, 91549, 97887, 100
2026/06/25 06:53:27.127, 91549, 97887, 93
2026/06/25 06:53:28.128, 91549, 97887, 98
2026/06/25 06:53:29.128, 91549, 97887, 98
2026/06/25 06:53:30.129, 91549, 97887, 97
2026/06/25 06:53:31.129, 91549, 97887, 100
2026/06/25 06:53:32.129, 91549, 97887, 100
2026/06/25 06:53:33.130, 91549, 97887, 93
2026/06/25 06:53:34.130, 91549, 97887, 100
2026/06/25 06:53:35.131, 91549, 97887, 75
2026/06/25 06:53:36.131, 91549, 97887, 100
2026/06/25 06:53:37.132, 91549, 97887, 100
2026/06/25 06:53:38.132, 91549, 97887, 100
2026/06/25 06:53:39.132, 91549, 97887, 91
2026/06/25 06:53:40.133, 91549, 97887, 100
2026/06/25 06:53:41.133, 91549, 97887, 74
2026/06/25 06:53:42.134, 91549, 97887, 100
2026/06/25 06:53:43.134, 91549, 97887, 100
2026/06/25 06:53:44.134, 91549, 97887, 94
2026/06/25 06:53:45.134, 91549, 97887, 97
2026/06/25 06:53:46.135, 91549, 97887, 100
2026/06/25 06:53:47.135, 91549, 97887, 92
2026/06/25 06:53:48.135, 91549, 97887, 100
2026/06/25 06:53:49.136, 91549, 97887, 100
2026/06/25 06:53:50.136, 91549, 97887, 93
2026/06/25 06:53:51.136, 91549, 97887, 100
2026/06/25 06:53:52.137, 91549, 97887, 85
2026/06/25 06:53:53.137, 91549, 97887, 99
2026/06/25 06:53:54.138, 91549, 97887, 100
2026/06/25 06:53:55.138, 91549, 97887, 100
2026/06/25 06:53:56.138, 91549, 97887, 91
2026/06/25 06:53:57.139, 91549, 97887, 100
2026/06/25 06:53:58.139, 91549, 97887, 74
2026/06/25 06:53:59.139, 92059, 97887, 100
2026/06/25 06:54:00.140, 92059, 97887, 100
2026/06/25 06:54:01.140, 92059, 97887, 100
2026/06/25 06:54:02.141, 92059, 97887, 91
2026/06/25 06:54:03.141, 92059, 97887, 100
2026/06/25 06:54:04.141, 92059, 97887, 72
2026/06/25 06:54:05.142, 92059, 97887, 100
2026/06/25 06:54:06.142, 92059, 97887, 100
2026/06/25 06:54:07.143, 92059, 97887, 100
2026/06/25 06:54:08.143, 92059, 97887, 0
2026/06/25 06:54:09.143, 92999, 97887, 4
2026/06/25 06:54:10.144, 93025, 97887, 54
2026/06/25 06:54:11.144, 93051, 97887, 100
2026/06/25 06:54:12.145, 93051, 97887, 100
2026/06/25 06:54:13.145, 93051, 97887, 71
2026/06/25 06:54:14.146, 93051, 97887, 100
2026/06/25 06:54:15.147, 93051, 97887, 100
2026/06/25 06:54:16.147, 93051, 97887, 69
2026/06/25 06:54:17.148, 93051, 97887, 100
2026/06/25 06:54:18.148, 93051, 97887, 86
2026/06/25 06:54:19.148, 93051, 97887, 86
2026/06/25 06:54:20.149, 93051, 97887, 100
2026/06/25 06:54:21.149, 93051, 97887, 100
2026/06/25 06:54:22.150, 93051, 97887, 65
2026/06/25 06:54:23.150, 93053, 97887, 100
2026/06/25 06:54:24.150, 93053, 97887, 100
2026/06/25 06:54:25.151, 93053, 97887, 69
2026/06/25 06:54:26.151, 93053, 97887, 100
2026/06/25 06:54:27.152, 93053, 97887, 95
2026/06/25 06:54:28.152, 93053, 97887, 72
2026/06/25 06:54:29.152, 93053, 97887, 100
2026/06/25 06:54:30.153, 93053, 97887, 100
2026/06/25 06:54:31.153, 93053, 97887, 78
2026/06/25 06:54:32.154, 93053, 97887, 93
2026/06/25 06:54:33.154, 93053, 97887, 100
2026/06/25 06:54:34.155, 93053, 97887, 100
2026/06/25 06:54:35.155, 93053, 97887, 64
2026/06/25 06:54:36.156, 93053, 97887, 100
2026/06/25 06:54:37.156, 93053, 97887, 93
2026/06/25 06:54:38.157, 93053, 97887, 79
2026/06/25 06:54:39.157, 93053, 97887, 100
2026/06/25 06:54:40.158, 93053, 97887, 71
2026/06/25 06:54:41.158, 93053, 97887, 100
2026/06/25 06:54:42.159, 93053, 97887, 100
2026/06/25 06:54:43.159, 93053, 97887, 95
2026/06/25 06:54:44.159, 93053, 97887, 75
2026/06/25 06:54:45.160, 93053, 97887, 100
2026/06/25 06:54:46.160, 93053, 97887, 83
2026/06/25 06:54:47.161, 93053, 97887, 84
2026/06/25 06:54:48.161, 93053, 97887, 100
2026/06/25 06:54:49.161, 93053, 97887, 71
2026/06/25 06:54:50.162, 93053, 97887, 99
2026/06/25 06:54:51.162, 93053, 97887, 100
2026/06/25 06:54:52.163, 93053, 97887, 84
2026/06/25 06:54:53.163, 93053, 97887, 87
2026/06/25 06:54:54.164, 93053, 97887, 100
2026/06/25 06:54:55.164, 93053, 97887, 100
2026/06/25 06:54:56.164, 93053, 97887, 71
2026/06/25 06:54:57.165, 93053, 97887, 100
2026/06/25 06:54:58.165, 93053, 97887, 100
2026/06/25 06:54:59.166, 93053, 97887, 73
2026/06/25 06:55:00.166, 93053, 97887, 100
2026/06/25 06:55:01.166, 93053, 97887, 100
2026/06/25 06:55:02.167, 93053, 97887, 71
2026/06/25 06:55:03.167, 93053, 97887, 100
2026/06/25 06:55:04.168, 93053, 97887, 100
2026/06/25 06:55:05.168, 93053, 97887, 70
2026/06/25 06:55:06.168, 93053, 97887, 100
2026/06/25 06:55:07.169, 93053, 97887, 100
2026/06/25 06:55:08.169, 93053, 97887, 70
2026/06/25 06:55:09.170, 93053, 97887, 100
2026/06/25 06:55:10.170, 93053, 97887, 82
2026/06/25 06:55:11.171, 93053, 97887, 90
2026/06/25 06:55:12.172, 93053, 97887, 100
2026/06/25 06:55:13.172, 93053, 97887, 72
2026/06/25 06:55:14.172, 93053, 97887, 99
2026/06/25 06:55:15.173, 93053, 97887, 100
2026/06/25 06:55:16.173, 93053, 97887, 71
2026/06/25 06:55:17.173, 93053, 97887, 100
2026/06/25 06:55:18.174, 93053, 97887, 100
2026/06/25 06:55:19.174, 93053, 97887, 74
2026/06/25 06:55:20.175, 93053, 97887, 97
2026/06/25 06:55:21.175, 93053, 97887, 100
2026/06/25 06:55:22.175, 93053, 97887, 71
2026/06/25 06:55:23.176, 93053, 97887, 100
2026/06/25 06:55:24.176, 93053, 97887, 100
2026/06/25 06:55:25.177, 93053, 97887, 90
2026/06/25 06:55:26.177, 93053, 97887, 82
2026/06/25 06:55:27.178, 93053, 97887, 100
2026/06/25 06:55:28.178, 93053, 97887, 77
2026/06/25 06:55:29.178, 93053, 97887, 100
2026/06/25 06:55:30.179, 93055, 97887, 100
2026/06/25 06:55:31.179, 93055, 97887, 8
2026/06/25 06:55:32.180, 93055, 97887, 0
2026/06/25 06:55:33.180, 93055, 97887, 0
2026/06/25 06:55:34.180, 93055, 97887, 0
2026/06/25 06:55:35.181, 93055, 97887, 100
2026/06/25 06:55:36.181, 93055, 97887, 100
2026/06/25 06:55:37.182, 93055, 97887, 93
2026/06/25 06:55:38.182, 93055, 97887, 100
2026/06/25 06:55:39.182, 93055, 97887, 75
2026/06/25 06:55:40.183, 93055, 97887, 100
2026/06/25 06:55:41.183, 93055, 97887, 100
2026/06/25 06:55:42.184, 93055, 97887, 100
2026/06/25 06:55:43.184, 93055, 97887, 89
2026/06/25 06:55:44.184, 93055, 97887, 100
2026/06/25 06:55:45.185, 93055, 97887, 71
2026/06/25 06:55:46.185, 93055, 97887, 100
2026/06/25 06:55:47.186, 93055, 97887, 100
2026/06/25 06:55:48.186, 93055, 97887, 100
2026/06/25 06:55:49.186, 93055, 97887, 90
2026/06/25 06:55:50.187, 93055, 97887, 100
2026/06/25 06:55:51.187, 93055, 97887, 71
2026/06/25 06:55:52.187, 93055, 97887, 100
2026/06/25 06:55:53.188, 93055, 97887, 100
2026/06/25 06:55:54.188, 93055, 97887, 100
2026/06/25 06:55:55.188, 93055, 97887, 90
2026/06/25 06:55:56.189, 93055, 97887, 96
2026/06/25 06:55:57.189, 93055, 97887, 96
2026/06/25 06:55:58.190, 93055, 97887, 100
2026/06/25 06:55:59.190, 93055, 97887, 100
2026/06/25 06:56:00.190, 93055, 97887, 91
2026/06/25 06:56:01.191, 93055, 97887, 100
2026/06/25 06:56:02.191, 93055, 97887, 81
2026/06/25 06:56:03.192, 93055, 97887, 100
2026/06/25 06:56:04.192, 93055, 97887, 100
2026/06/25 06:56:05.192, 93055, 97887, 100
2026/06/25 06:56:06.193, 93055, 97887, 88
2026/06/25 06:56:07.193, 93055, 97887, 100
2026/06/25 06:56:08.194, 93055, 97887, 72
2026/06/25 06:56:09.194, 93055, 97887, 100
2026/06/25 06:56:10.194, 93055, 97887, 100
2026/06/25 06:56:11.195, 93055, 97887, 100
2026/06/25 06:56:12.195, 93055, 97887, 97
2026/06/25 06:56:13.196, 93055, 97887, 100
2026/06/25 06:56:14.196, 93055, 97887, 71
2026/06/25 06:56:15.196, 93055, 97887, 100
2026/06/25 06:56:16.197, 93055, 97887, 100
2026/06/25 06:56:17.197, 93055, 97887, 100
2026/06/25 06:56:18.198, 93055, 97887, 93
2026/06/25 06:56:19.198, 93055, 97887, 100
2026/06/25 06:56:20.198, 93055, 97887, 56
2026/06/25 06:56:21.199, 93055, 97887, 100
2026/06/25 06:56:22.199, 93055, 97887, 100
2026/06/25 06:56:23.200, 93055, 97887, 100
2026/06/25 06:56:24.200, 93055, 97887, 94
2026/06/25 06:56:25.200, 93055, 97887, 100
2026/06/25 06:56:26.201, 93055, 97887, 62
2026/06/25 06:56:27.201, 93055, 97887, 100
2026/06/25 06:56:28.202, 93055, 97887, 100
2026/06/25 06:56:29.202, 93055, 97887, 100
2026/06/25 06:56:30.203, 93055, 97887, 100
2026/06/25 06:56:31.203, 93055, 97887, 90
2026/06/25 06:56:32.203, 93055, 97887, 100
2026/06/25 06:56:33.204, 93055, 97887, 67
2026/06/25 06:56:34.204, 93055, 97887, 100
2026/06/25 06:56:35.205, 93055, 97887, 100
2026/06/25 06:56:36.205, 93055, 97887, 100
2026/06/25 06:56:37.205, 93055, 97887, 90
2026/06/25 06:56:38.206, 93055, 97887, 100
2026/06/25 06:56:39.206, 93055, 97887, 72
2026/06/25 06:56:40.207, 93055, 97887, 100
2026/06/25 06:56:41.207, 93055, 97887, 100
2026/06/25 06:56:42.208, 93055, 97887, 100
2026/06/25 06:56:43.208, 93055, 97887, 91
2026/06/25 06:56:44.208, 93055, 97887, 100
2026/06/25 06:56:45.209, 93055, 97887, 68
2026/06/25 06:56:46.209, 93055, 97887, 100
2026/06/25 06:56:47.210, 93055, 97887, 100
2026/06/25 06:56:48.210, 93055, 97887, 100
2026/06/25 06:56:49.210, 93055, 97887, 97
2026/06/25 06:56:50.211, 93055, 97887, 100
2026/06/25 06:56:51.211, 93055, 97887, 71
2026/06/25 06:56:52.211, 93055, 97887, 100
2026/06/25 06:56:53.212, 93055, 97887, 100
2026/06/25 06:56:54.212, 93055, 97887, 100
2026/06/25 06:56:55.212, 93055, 97887, 97
2026/06/25 06:56:56.213, 93055, 97887, 100
2026/06/25 06:56:57.213, 93055, 97887, 77
2026/06/25 06:56:58.214, 93055, 97887, 100
2026/06/25 06:56:59.214, 93055, 97887, 100
2026/06/25 06:57:00.214, 93055, 97887, 93
2026/06/25 06:57:01.215, 93055, 97887, 97
2026/06/25 06:57:02.215, 93055, 97887, 100
2026/06/25 06:57:03.215, 93055, 97887, 83
2026/06/25 06:57:04.216, 93055, 97887, 100
2026/06/25 06:57:05.216, 93055, 97887, 100
2026/06/25 06:57:06.217, 93055, 97887, 100
2026/06/25 06:57:07.217, 93055, 97887, 97
2026/06/25 06:57:08.217, 93055, 97887, 100
2026/06/25 06:57:09.218, 93055, 97887, 76
2026/06/25 06:57:10.218, 93055, 97887, 100
2026/06/25 06:57:11.219, 93055, 97887, 100
2026/06/25 06:57:12.220, 93055, 97887, 93
2026/06/25 06:57:13.220, 93055, 97887, 97
2026/06/25 06:57:14.221, 93055, 97887, 100
2026/06/25 06:57:15.221, 93055, 97887, 84
2026/06/25 06:57:16.221, 93055, 97887, 100
2026/06/25 06:57:17.222, 93055, 97887, 100
2026/06/25 06:57:18.222, 93055, 97887, 93
2026/06/25 06:57:19.223, 93055, 97887, 97
2026/06/25 06:57:20.223, 93055, 97887, 100
2026/06/25 06:57:21.223, 93055, 97887, 100
2026/06/25 06:57:22.224, 93055, 97887, 0
2026/06/25 06:57:23.224, 93055, 97887, 0
2026/06/25 06:57:24.224, 93055, 97887, 100
2026/06/25 06:57:25.225, 93055, 97887, 61
2026/06/25 06:57:26.225, 93055, 97887, 100
2026/06/25 06:57:27.226, 93055, 97887, 94
2026/06/25 06:57:28.226, 93055, 97887, 64
2026/06/25 06:57:29.227, 93055, 97887, 100
2026/06/25 06:57:30.227, 93055, 97887, 94
2026/06/25 06:57:31.227, 93055, 97887, 70
2026/06/25 06:57:32.228, 93055, 97887, 100
2026/06/25 06:57:33.228, 93055, 97887, 95
2026/06/25 06:57:34.229, 93055, 97887, 72
2026/06/25 06:57:35.229, 93055, 97887, 100
2026/06/25 06:57:36.230, 93055, 97887, 94
2026/06/25 06:57:37.230, 93055, 97887, 70
2026/06/25 06:57:38.231, 93055, 97887, 100
2026/06/25 06:57:39.231, 93055, 97887, 100
2026/06/25 06:57:40.232, 93055, 97887, 73
2026/06/25 06:57:41.232, 93055, 97887, 100
2026/06/25 06:57:42.233, 93055, 97887, 100
2026/06/25 06:57:43.233, 93055, 97887, 70
2026/06/25 06:57:44.234, 93055, 97887, 100
2026/06/25 06:57:45.234, 93055, 97887, 100
2026/06/25 06:57:46.234, 93055, 97887, 100
2026/06/25 06:57:47.235, 93055, 97887, 61
2026/06/25 06:57:48.235, 93055, 97887, 100
2026/06/25 06:57:49.236, 93055, 97887, 100
2026/06/25 06:57:50.236, 93055, 97887, 63
2026/06/25 06:57:51.236, 93055, 97887, 100
2026/06/25 06:57:52.237, 93055, 97887, 92
2026/06/25 06:57:53.237, 93055, 97887, 71
2026/06/25 06:57:54.239, 93055, 97887, 100
2026/06/25 06:57:55.240, 93055, 97887, 100
2026/06/25 06:57:56.240, 93055, 97887, 70
2026/06/25 06:57:57.241, 93055, 97887, 100
2026/06/25 06:57:58.241, 93055, 97887, 100
2026/06/25 06:57:59.241, 93055, 97887, 66
2026/06/25 06:58:00.242, 93055, 97887, 100
2026/06/25 06:58:01.242, 93055, 97887, 100
2026/06/25 06:58:02.243, 93055, 97887, 73
2026/06/25 06:58:03.243, 93055, 97887, 100
2026/06/25 06:58:04.244, 93055, 97887, 89
2026/06/25 06:58:05.244, 93055, 97887, 83
2026/06/25 06:58:06.244, 93055, 97887, 100
2026/06/25 06:58:07.245, 93055, 97887, 100
2026/06/25 06:58:08.245, 93055, 97887, 70
2026/06/25 06:58:09.245, 93055, 97887, 100
2026/06/25 06:58:10.246, 93055, 97887, 96
2026/06/25 06:58:11.246, 93055, 97887, 71
2026/06/25 06:58:12.247, 93055, 97887, 100
2026/06/25 06:58:13.247, 93055, 97887, 95
2026/06/25 06:58:14.248, 93055, 97887, 70
2026/06/25 06:58:15.248, 93055, 97887, 100
2026/06/25 06:58:16.249, 93055, 97887, 100
2026/06/25 06:58:17.249, 93055, 97887, 62
2026/06/25 06:58:18.249, 93055, 97887, 100
2026/06/25 06:58:19.250, 93055, 97887, 85
2026/06/25 06:58:20.250, 93055, 97887, 82
2026/06/25 06:58:21.251, 93055, 97887, 100
2026/06/25 06:58:22.251, 93055, 97887, 90
2026/06/25 06:58:23.251, 93055, 97887, 81
2026/06/25 06:58:24.252, 93055, 97887, 100
2026/06/25 06:58:25.252, 93055, 97887, 71
2026/06/25 06:58:26.252, 93055, 97887, 91
2026/06/25 06:58:27.253, 93055, 97887, 100
2026/06/25 06:58:28.253, 93055, 97887, 71
2026/06/25 06:58:29.254, 93055, 97887, 100
2026/06/25 06:58:30.254, 93055, 97887, 100
2026/06/25 06:58:31.254, 93055, 97887, 68
2026/06/25 06:58:32.255, 93055, 97887, 100
2026/06/25 06:58:33.255, 93055, 97887, 100
2026/06/25 06:58:34.256, 93055, 97887, 71
2026/06/25 06:58:35.256, 93055, 97887, 99
2026/06/25 06:58:36.257, 93055, 97887, 100
2026/06/25 06:58:37.257, 93055, 97887, 72
2026/06/25 06:58:38.257, 93055, 97887, 99
2026/06/25 06:58:39.258, 93055, 97887, 100
2026/06/25 06:58:40.258, 93055, 97887, 80
2026/06/25 06:58:41.258, 93055, 97887, 91
2026/06/25 06:58:42.259, 93055, 97887, 100
2026/06/25 06:58:43.259, 93055, 97887, 72
2026/06/25 06:58:44.259, 93055, 97887, 100
2026/06/25 06:58:45.260, 93055, 97887, 67
2026/06/25 06:58:46.260, 93055, 97887, 11
2026/06/25 06:58:47.261, 93055, 97887, 0
2026/06/25 06:58:48.261, 93055, 97887, 0
2026/06/25 06:58:49.261, 93055, 97887, 0
2026/06/25 06:58:50.262, 93055, 97887, 0
2026/06/25 06:58:51.262, 93055, 97887, 100
2026/06/25 06:58:52.263, 93267, 97887, 77
2026/06/25 06:58:53.263, 93267, 97887, 0
2026/06/25 06:58:54.263, 93267, 97887, 0
2026/06/25 06:58:55.264, 93267, 97887, 97
2026/06/25 06:58:56.264, 93267, 97887, 100
2026/06/25 06:58:57.264, 93267, 97887, 73
2026/06/25 06:58:58.265, 93267, 97887, 100
2026/06/25 06:58:59.265, 93267, 97887, 100
2026/06/25 06:59:00.266, 93267, 97887, 94
2026/06/25 06:59:01.266, 93267, 97887, 97
2026/06/25 06:59:02.267, 93267, 97887, 100
2026/06/25 06:59:03.267, 93267, 97887, 80
2026/06/25 06:59:04.268, 93267, 97887, 100
2026/06/25 06:59:05.268, 93267, 97887, 100
2026/06/25 06:59:06.268, 93267, 97887, 96
2026/06/25 06:59:07.269, 93267, 97887, 97
2026/06/25 06:59:08.269, 93267, 97887, 100
2026/06/25 06:59:09.270, 93267, 97887, 81
2026/06/25 06:59:10.270, 93267, 97887, 100
2026/06/25 06:59:11.271, 93267, 97887, 100
2026/06/25 06:59:12.271, 93267, 97887, 93
2026/06/25 06:59:13.272, 93267, 97887, 97
2026/06/25 06:59:14.272, 93267, 97887, 70
2026/06/25 06:59:15.273, 93267, 97887, 100
2026/06/25 06:59:16.273, 93267, 97887, 100
2026/06/25 06:59:17.273, 93267, 97887, 100
2026/06/25 06:59:18.274, 93267, 97887, 97
2026/06/25 06:59:19.274, 93267, 97887, 100
2026/06/25 06:59:20.275, 93267, 97887, 67
2026/06/25 06:59:21.275, 93267, 97887, 100
2026/06/25 06:59:22.275, 93267, 97887, 100
2026/06/25 06:59:23.276, 93267, 97887, 100
2026/06/25 06:59:24.276, 93267, 97887, 97
2026/06/25 06:59:25.277, 93267, 97887, 100
2026/06/25 06:59:26.277, 93267, 97887, 66
2026/06/25 06:59:27.277, 93267, 97887, 100
2026/06/25 06:59:28.278, 93267, 97887, 100
2026/06/25 06:59:29.278, 93267, 97887, 100
2026/06/25 06:59:30.279, 93267, 97887, 97
2026/06/25 06:59:31.279, 93267, 97887, 100
2026/06/25 06:59:32.280, 93267, 97887, 73
2026/06/25 06:59:33.280, 93267, 97887, 100
2026/06/25 06:59:34.281, 93267, 97887, 100
2026/06/25 06:59:35.281, 93267, 97887, 100
2026/06/25 06:59:36.281, 93267, 97887, 97
2026/06/25 06:59:37.282, 93267, 97887, 100
2026/06/25 06:59:38.282, 93267, 97887, 82
2026/06/25 06:59:39.283, 93267, 97887, 100
2026/06/25 06:59:40.283, 93267, 97887, 100
2026/06/25 06:59:41.284, 93267, 97887, 93
2026/06/25 06:59:42.284, 93267, 97887, 97
2026/06/25 06:59:43.284, 93267, 97887, 100
2026/06/25 06:59:44.285, 93267, 97887, 96
2026/06/25 06:59:45.285, 93267, 97887, 100
2026/06/25 06:59:46.286, 93267, 97887, 100
2026/06/25 06:59:47.286, 93267, 97887, 93
2026/06/25 06:59:48.286, 93267, 97887, 100
2026/06/25 06:59:49.287, 93267, 97887, 77
2026/06/25 06:59:50.287, 93267, 97887, 100
2026/06/25 06:59:51.287, 93267, 97887, 100
2026/06/25 06:59:52.288, 93267, 97887, 100
2026/06/25 06:59:53.288, 93267, 97887, 90
2026/06/25 06:59:54.289, 93267, 97887, 100
2026/06/25 06:59:55.289, 93267, 97887, 76
2026/06/25 06:59:56.289, 93267, 97887, 100
2026/06/25 06:59:57.290, 93267, 97887, 100
2026/06/25 06:59:58.290, 93267, 97887, 100
2026/06/25 06:59:59.291, 93267, 97887, 90
2026/06/25 07:00:00.291, 93267, 97887, 100
2026/06/25 07:00:01.291, 93267, 97887, 85
2026/06/25 07:00:02.292, 93267, 97887, 100
2026/06/25 07:00:03.292, 93267, 97887, 100
2026/06/25 07:00:04.293, 93826, 97887, 100
2026/06/25 07:00:05.293, 93267, 97887, 90
2026/06/25 07:00:06.293, 93267, 97887, 100
2026/06/25 07:00:07.294, 93267, 97887, 76
2026/06/25 07:00:08.294, 93267, 97887, 100
2026/06/25 07:00:09.295, 93267, 97887, 100
2026/06/25 07:00:10.295, 93267, 97887, 100
2026/06/25 07:00:11.296, 93267, 97887, 90
2026/06/25 07:00:12.296, 93267, 97887, 100
2026/06/25 07:00:13.297, 93267, 97887, 68
2026/06/25 07:00:14.297, 93267, 97887, 100
2026/06/25 07:00:15.298, 93267, 97887, 100
2026/06/25 07:00:16.298, 93267, 97887, 100
2026/06/25 07:00:17.298, 93267, 97887, 97
2026/06/25 07:00:18.298, 93267, 97887, 100
2026/06/25 07:00:19.299, 93267, 97887, 71
2026/06/25 07:00:20.299, 93267, 97887, 100
2026/06/25 07:00:21.300, 93267, 97887, 100
2026/06/25 07:00:22.300, 93267, 97887, 100
2026/06/25 07:00:23.300, 93267, 97887, 90
2026/06/25 07:00:24.301, 93267, 97887, 100
2026/06/25 07:00:25.301, 93267, 97887, 68
2026/06/25 07:00:26.302, 93267, 97887, 100
2026/06/25 07:00:27.302, 93267, 97887, 100
2026/06/25 07:00:28.302, 93267, 97887, 90
2026/06/25 07:00:29.303, 93267, 97887, 100
2026/06/25 07:00:30.303, 93267, 97887, 73
2026/06/25 07:00:31.303, 93267, 97887, 100
2026/06/25 07:00:32.304, 93267, 97887, 100
2026/06/25 07:00:33.304, 93267, 97887, 100
2026/06/25 07:00:34.304, 93267, 97887, 91
2026/06/25 07:00:35.305, 93267, 97887, 100
2026/06/25 07:00:36.305, 93267, 97887, 74
2026/06/25 07:00:37.305, 93267, 97887, 100
2026/06/25 07:00:38.306, 93267, 97887, 100
2026/06/25 07:00:39.306, 93267, 97887, 100
2026/06/25 07:00:40.307, 93267, 97887, 0
2026/06/25 07:00:41.307, 93267, 97887, 0
2026/06/25 07:00:42.307, 93267, 97887, 100
2026/06/25 07:00:43.308, 93267, 97887, 100
2026/06/25 07:00:44.308, 93267, 97887, 70
2026/06/25 07:00:45.309, 93267, 97887, 100
2026/06/25 07:00:46.309, 93267, 97887, 100
2026/06/25 07:00:47.309, 93267, 97887, 71
2026/06/25 07:00:48.310, 93267, 97887, 100
2026/06/25 07:00:49.310, 93267, 97887, 100
2026/06/25 07:00:50.311, 93267, 97887, 71
2026/06/25 07:00:51.311, 93267, 97887, 100
2026/06/25 07:00:52.312, 93267, 97887, 100
2026/06/25 07:00:53.312, 93267, 97887, 71
2026/06/25 07:00:54.312, 93267, 97887, 99
2026/06/25 07:00:55.313, 93267, 97887, 100
2026/06/25 07:00:56.313, 93267, 97887, 73
2026/06/25 07:00:57.314, 93267, 97887, 99
2026/06/25 07:00:58.314, 93267, 97887, 100
2026/06/25 07:00:59.314, 93267, 97887, 100
2026/06/25 07:01:00.315, 93267, 97887, 70
2026/06/25 07:01:01.316, 93267, 97887, 100
2026/06/25 07:01:02.316, 93267, 97887, 94
2026/06/25 07:01:03.316, 93267, 97887, 70
2026/06/25 07:01:04.317, 93267, 97887, 100
2026/06/25 07:01:05.317, 93267, 97887, 100
2026/06/25 07:01:06.317, 93267, 97887, 71
2026/06/25 07:01:07.318, 93267, 97887, 100
2026/06/25 07:01:08.318, 93267, 97887, 100
2026/06/25 07:01:09.319, 93267, 97887, 71
2026/06/25 07:01:10.319, 93267, 97887, 99
2026/06/25 07:01:11.320, 93267, 97887, 100
2026/06/25 07:01:12.320, 93267, 97887, 61
2026/06/25 07:01:13.321, 93267, 97887, 100
2026/06/25 07:01:14.321, 93267, 97887, 94
2026/06/25 07:01:15.321, 93267, 97887, 71
2026/06/25 07:01:16.322, 93267, 97887, 100
2026/06/25 07:01:17.322, 93267, 97887, 95
2026/06/25 07:01:18.322, 93267, 97887, 70
2026/06/25 07:01:19.323, 93267, 97887, 100
2026/06/25 07:01:20.323, 93267, 97887, 95
2026/06/25 07:01:21.323, 93267, 97887, 70
2026/06/25 07:01:22.324, 93267, 97887, 100
2026/06/25 07:01:23.324, 93267, 97887, 100
2026/06/25 07:01:24.324, 93267, 97887, 70
2026/06/25 07:01:25.325, 93267, 97887, 100
2026/06/25 07:01:26.325, 93267, 97887, 100
2026/06/25 07:01:27.325, 93267, 97887, 100
2026/06/25 07:01:28.326, 93267, 97887, 70
2026/06/25 07:01:29.326, 93267, 97887, 100
2026/06/25 07:01:30.327, 93267, 97887, 100
2026/06/25 07:01:31.327, 93267, 97887, 73
2026/06/25 07:01:32.328, 93267, 97887, 100
2026/06/25 07:01:33.329, 93267, 97887, 77
2026/06/25 07:01:34.329, 93267, 97887, 95
2026/06/25 07:01:35.329, 93267, 97887, 100
2026/06/25 07:01:36.330, 93267, 97887, 83
2026/06/25 07:01:37.330, 93267, 97887, 87
2026/06/25 07:01:38.331, 93267, 97887, 100
2026/06/25 07:01:39.331, 93267, 97887, 93
2026/06/25 07:01:40.332, 93267, 97887, 76
2026/06/25 07:01:41.332, 93267, 97887, 100
2026/06/25 07:01:42.332, 93267, 97887, 70
2026/06/25 07:01:43.333, 93267, 97887, 100
2026/06/25 07:01:44.333, 93267, 97887, 97
2026/06/25 07:01:45.333, 93267, 97887, 55
2026/06/25 07:01:46.334, 93267, 97887, 100
2026/06/25 07:01:47.334, 93267, 97887, 100
2026/06/25 07:01:48.334, 93267, 97887, 72
2026/06/25 07:01:49.335, 93267, 97887, 100
2026/06/25 07:01:50.335, 93267, 97887, 95
2026/06/25 07:01:51.335, 93267, 97887, 72
2026/06/25 07:01:52.336, 93267, 97887, 100
2026/06/25 07:01:53.336, 93267, 97887, 97
2026/06/25 07:01:54.336, 93267, 97887, 70
2026/06/25 07:01:55.337, 93267, 97887, 100
2026/06/25 07:01:56.337, 93267, 97887, 100
2026/06/25 07:01:57.337, 93267, 97887, 71
2026/06/25 07:01:58.338, 93267, 97887, 100
2026/06/25 07:01:59.338, 93267, 97887, 100
2026/06/25 07:02:00.338, 93267, 97887, 71
2026/06/25 07:02:01.339, 93267, 97887, 0
2026/06/25 07:02:02.339, 93267, 97887, 65
2026/06/25 07:02:03.339, 93267, 97887, 5
2026/06/25 07:02:04.340, 93267, 97887, 6
2026/06/25 07:02:05.340, 93267, 97887, 0
2026/06/25 07:02:06.340, 93267, 97887, 0
2026/06/25 07:02:07.341, 93267, 97887, 0
2026/06/25 07:02:08.341, 93267, 97887, 99
2026/06/25 07:02:09.342, 93267, 97887, 100
2026/06/25 07:02:10.342, 93267, 97887, 100
2026/06/25 07:02:11.342, 93267, 97887, 90
2026/06/25 07:02:12.343, 93267, 97887, 100
2026/06/25 07:02:13.343, 93267, 97887, 100
2026/06/25 07:02:14.344, 93267, 97887, 82
2026/06/25 07:02:15.344, 93267, 97887, 100
2026/06/25 07:02:16.345, 93267, 97887, 100
2026/06/25 07:02:17.345, 93267, 97887, 90
2026/06/25 07:02:18.345, 93267, 97887, 100
2026/06/25 07:02:19.346, 93267, 97887, 72
2026/06/25 07:02:20.346, 93267, 97887, 100
2026/06/25 07:02:21.346, 93267, 97887, 100
2026/06/25 07:02:22.347, 93267, 97887, 93
2026/06/25 07:02:23.347, 93267, 97887, 100
2026/06/25 07:02:24.347, 93267, 97887, 87
2026/06/25 07:02:25.348, 93267, 97887, 100
2026/06/25 07:02:26.348, 93267, 97887, 100
2026/06/25 07:02:27.349, 93267, 97887, 100
2026/06/25 07:02:28.349, 93267, 97887, 97
2026/06/25 07:02:29.349, 93267, 97887, 100
2026/06/25 07:02:30.350, 93267, 97887, 90
2026/06/25 07:02:31.350, 93267, 97887, 100
2026/06/25 07:02:32.351, 93267, 97887, 100
2026/06/25 07:02:33.351, 93267, 97887, 93
2026/06/25 07:02:34.351, 93267, 97887, 100
2026/06/25 07:02:35.351, 93267, 97887, 81
2026/06/25 07:02:36.352, 93267, 97887, 100
2026/06/25 07:02:37.352, 93267, 97887, 100
2026/06/25 07:02:38.353, 93267, 97887, 100
2026/06/25 07:02:39.354, 93267, 97887, 97
2026/06/25 07:02:40.354, 93267, 97887, 100
2026/06/25 07:02:41.354, 93267, 97887, 98
2026/06/25 07:02:42.355, 93267, 97887, 100
2026/06/25 07:02:43.355, 93267, 97887, 100
2026/06/25 07:02:44.355, 93267, 97887, 88
2026/06/25 07:02:45.356, 93267, 97887, 100
2026/06/25 07:02:46.356, 93267, 97887, 70
2026/06/25 07:02:47.356, 93267, 97887, 100
2026/06/25 07:02:48.357, 93267, 97887, 100
2026/06/25 07:02:49.357, 93267, 97887, 100
2026/06/25 07:02:50.357, 93267, 97887, 86
2026/06/25 07:02:51.358, 93267, 97887, 100
2026/06/25 07:02:52.358, 93267, 97887, 71
2026/06/25 07:02:53.358, 93267, 97887, 100
2026/06/25 07:02:54.358, 93267, 97887, 100
2026/06/25 07:02:55.359, 93267, 97887, 100
2026/06/25 07:02:56.359, 93267, 97887, 90
2026/06/25 07:02:57.360, 93267, 97887, 100
2026/06/25 07:02:58.360, 93267, 97887, 70
2026/06/25 07:02:59.361, 93267, 97887, 100
2026/06/25 07:03:00.361, 93267, 97887, 100
2026/06/25 07:03:01.361, 93267, 97887, 100
2026/06/25 07:03:02.362, 93267, 97887, 97
2026/06/25 07:03:03.362, 93267, 97887, 100
2026/06/25 07:03:04.363, 93267, 97887, 72
2026/06/25 07:03:05.363, 93267, 97887, 100
2026/06/25 07:03:06.363, 93267, 97887, 100
2026/06/25 07:03:07.364, 93267, 97887, 100
2026/06/25 07:03:08.364, 93267, 97887, 97
2026/06/25 07:03:09.365, 93267, 97887, 100
2026/06/25 07:03:10.365, 93267, 97887, 82
2026/06/25 07:03:11.366, 93267, 97887, 100
2026/06/25 07:03:12.366, 93267, 97887, 100
2026/06/25 07:03:13.367, 93267, 97887, 100
2026/06/25 07:03:14.367, 93267, 97887, 97
2026/06/25 07:03:15.367, 93267, 97887, 100
2026/06/25 07:03:16.368, 93267, 97887, 75
2026/06/25 07:03:17.368, 93267, 97887, 100
2026/06/25 07:03:18.368, 93267, 97887, 100
2026/06/25 07:03:19.369, 93267, 97887, 92
2026/06/25 07:03:20.369, 93267, 97887, 97
2026/06/25 07:03:21.370, 93267, 97887, 100
2026/06/25 07:03:22.370, 93267, 97887, 0
2026/06/25 07:03:23.370, 93267, 97887, 100
2026/06/25 07:03:24.371, 93267, 97887, 71
2026/06/25 07:03:25.371, 93267, 97887, 100
2026/06/25 07:03:26.372, 93267, 97887, 100
2026/06/25 07:03:27.372, 93267, 97887, 100
2026/06/25 07:03:28.372, 93267, 97887, 97
2026/06/25 07:03:29.373, 93267, 97887, 100
2026/06/25 07:03:30.373, 93267, 97887, 83
2026/06/25 07:03:31.374, 93267, 97887, 100
2026/06/25 07:03:32.374, 93267, 97887, 100
2026/06/25 07:03:33.374, 93267, 97887, 93
2026/06/25 07:03:34.375, 93267, 97887, 100
2026/06/25 07:03:35.375, 93267, 97887, 98
2026/06/25 07:03:36.376, 93267, 97887, 97
2026/06/25 07:03:37.376, 93267, 97887, 100
2026/06/25 07:03:38.376, 93267, 97887, 100
2026/06/25 07:03:39.377, 93267, 97887, 93
2026/06/25 07:03:40.377, 93267, 97887, 100
2026/06/25 07:03:41.378, 93267, 97887, 85
2026/06/25 07:03:42.378, 93267, 97887, 100
2026/06/25 07:03:43.378, 93267, 97887, 100
2026/06/25 07:03:44.379, 93267, 97887, 100
2026/06/25 07:03:45.379, 93267, 97887, 97
2026/06/25 07:03:46.380, 93267, 97887, 100
2026/06/25 07:03:47.380, 93267, 97887, 90
2026/06/25 07:03:48.381, 93267, 97887, 100
2026/06/25 07:03:49.381, 93267, 97887, 100
2026/06/25 07:03:50.381, 93267, 97887, 93
2026/06/25 07:03:51.382, 93267, 97887, 100
2026/06/25 07:03:52.382, 93267, 97887, 85
2026/06/25 07:03:53.383, 93267, 97887, 100
2026/06/25 07:03:54.383, 93267, 97887, 100
2026/06/25 07:03:55.383, 93267, 97887, 0
2026/06/25 07:03:56.384, 93267, 97887, 0
2026/06/25 07:03:57.384, 93267, 97887, 100
2026/06/25 07:03:58.384, 93267, 97887, 100
2026/06/25 07:03:59.385, 93267, 97887, 75
2026/06/25 07:04:00.385, 93267, 97887, 100
2026/06/25 07:04:01.386, 93267, 97887, 95
2026/06/25 07:04:02.386, 93267, 97887, 71
2026/06/25 07:04:03.387, 93267, 97887, 100
2026/06/25 07:04:04.387, 93267, 97887, 100
2026/06/25 07:04:05.387, 93267, 97887, 71
2026/06/25 07:04:06.388, 93267, 97887, 100
2026/06/25 07:04:07.388, 93267, 97887, 100
2026/06/25 07:04:08.388, 93267, 97887, 72
2026/06/25 07:04:09.389, 93267, 97887, 100
2026/06/25 07:04:10.389, 93267, 97887, 100
2026/06/25 07:04:11.390, 93267, 97887, 72
2026/06/25 07:04:12.390, 93267, 97887, 100
2026/06/25 07:04:13.390, 93267, 97887, 100
2026/06/25 07:04:14.391, 93267, 97887, 72
2026/06/25 07:04:15.391, 93267, 97887, 100
2026/06/25 07:04:16.392, 93267, 97887, 100
2026/06/25 07:04:17.392, 93267, 97887, 100
2026/06/25 07:04:18.393, 93267, 97887, 71
2026/06/25 07:04:19.393, 93267, 97887, 100
2026/06/25 07:04:20.393, 93267, 97887, 95
2026/06/25 07:04:21.394, 93267, 97887, 70
2026/06/25 07:04:22.394, 93267, 97887, 100
2026/06/25 07:04:23.394, 93267, 97887, 100
2026/06/25 07:04:24.395, 93267, 97887, 70
2026/06/25 07:04:25.395, 93267, 97887, 100
2026/06/25 07:04:26.396, 93267, 97887, 100
2026/06/25 07:04:27.396, 93267, 97887, 70
2026/06/25 07:04:28.397, 93267, 97887, 100
2026/06/25 07:04:29.397, 93267, 97887, 100
2026/06/25 07:04:30.397, 93267, 97887, 69
2026/06/25 07:04:31.398, 93267, 97887, 100
2026/06/25 07:04:32.398, 93267, 97887, 100
2026/06/25 07:04:33.399, 93267, 97887, 71
2026/06/25 07:04:34.399, 93267, 97887, 100
2026/06/25 07:04:35.399, 93267, 97887, 100
2026/06/25 07:04:36.400, 93267, 97887, 70
2026/06/25 07:04:37.400, 93267, 97887, 100
2026/06/25 07:04:38.401, 93267, 97887, 100
2026/06/25 07:04:39.401, 93267, 97887, 71
2026/06/25 07:04:40.401, 93267, 97887, 100
2026/06/25 07:04:41.403, 93267, 97887, 100
2026/06/25 07:04:42.404, 93267, 97887, 100
2026/06/25 07:04:43.404, 93267, 97887, 73
2026/06/25 07:04:44.405, 93267, 97887, 100
2026/06/25 07:04:45.405, 93267, 97887, 100
2026/06/25 07:04:46.405, 93267, 97887, 73
2026/06/25 07:04:47.406, 93267, 97887, 100
2026/06/25 07:04:48.406, 93267, 97887, 100
2026/06/25 07:04:49.407, 93267, 97887, 74
2026/06/25 07:04:50.407, 93267, 97887, 100
2026/06/25 07:04:51.407, 93267, 97887, 100
2026/06/25 07:04:52.408, 93267, 97887, 71
2026/06/25 07:04:53.408, 93267, 97887, 100
2026/06/25 07:04:54.408, 93267, 97887, 100
2026/06/25 07:04:55.409, 93267, 97887, 72
2026/06/25 07:04:56.409, 93267, 97887, 100
2026/06/25 07:04:57.409, 93267, 97887, 100
2026/06/25 07:04:58.410, 93267, 97887, 70
2026/06/25 07:04:59.410, 93267, 97887, 100
2026/06/25 07:05:00.410, 93267, 97887, 82
2026/06/25 07:05:01.411, 93267, 97887, 89
2026/06/25 07:05:02.411, 93267, 97887, 100
2026/06/25 07:05:03.412, 93267, 97887, 71
2026/06/25 07:05:04.412, 93267, 97887, 99
2026/06/25 07:05:05.412, 93267, 97887, 100
2026/06/25 07:05:06.413, 93267, 97887, 100
2026/06/25 07:05:07.413, 93267, 97887, 70
2026/06/25 07:05:08.413, 93267, 97887, 100
2026/06/25 07:05:09.414, 93267, 97887, 100
2026/06/25 07:05:10.414, 93267, 97887, 71
2026/06/25 07:05:11.415, 93267, 97887, 100
2026/06/25 07:05:12.415, 93267, 97887, 95
2026/06/25 07:05:13.415, 93267, 97887, 71
2026/06/25 07:05:14.416, 93267, 97887, 100
2026/06/25 07:05:15.416, 93267, 97887, 100
2026/06/25 07:05:16.417, 93267, 97887, 100
2026/06/25 07:05:17.417, 93267, 97887, 77
2026/06/25 07:05:18.417, 93267, 97887, 8
2026/06/25 07:05:19.418, 93267, 97887, 0
2026/06/25 07:05:20.418, 93267, 97887, 0
2026/06/25 07:05:21.418, 93267, 97887, 0
2026/06/25 07:05:22.419, 93267, 97887, 99
2026/06/25 07:05:23.420, 93267, 97887, 100
2026/06/25 07:05:24.420, 93267, 97887, 100
2026/06/25 07:05:25.420, 93405, 97887, 86
2026/06/25 07:05:26.421, 93405, 97887, 0
2026/06/25 07:05:27.421, 93405, 97887, 0
2026/06/25 07:05:28.422, 93405, 97887, 66
2026/06/25 07:05:29.422, 93405, 97887, 100
2026/06/25 07:05:30.422, 93405, 97887, 100
2026/06/25 07:05:31.423, 93405, 97887, 91
2026/06/25 07:05:32.423, 93405, 97887, 100
2026/06/25 07:05:33.424, 93405, 97887, 71
2026/06/25 07:05:34.424, 93405, 97887, 100
2026/06/25 07:05:35.424, 93405, 97887, 100
2026/06/25 07:05:36.425, 93405, 97887, 96
2026/06/25 07:05:37.425, 93405, 97887, 97
2026/06/25 07:05:38.425, 93405, 97887, 100
2026/06/25 07:05:39.426, 93405, 97887, 88
2026/06/25 07:05:40.426, 93405, 97887, 100
2026/06/25 07:05:41.427, 93405, 97887, 100
2026/06/25 07:05:42.427, 93405, 97887, 93
2026/06/25 07:05:43.428, 93405, 97887, 100
2026/06/25 07:05:44.428, 93405, 97887, 99
2026/06/25 07:05:45.428, 93405, 97887, 92
2026/06/25 07:05:46.429, 93405, 97887, 100
2026/06/25 07:05:47.429, 93405, 97887, 100
2026/06/25 07:05:48.430, 93405, 97887, 93
2026/06/25 07:05:49.430, 93405, 97887, 100
2026/06/25 07:05:50.431, 93405, 97887, 97
2026/06/25 07:05:51.431, 93405, 97887, 96
2026/06/25 07:05:52.431, 93405, 97887, 100
2026/06/25 07:05:53.432, 93405, 97887, 100
2026/06/25 07:05:54.432, 93405, 97887, 93
2026/06/25 07:05:55.433, 93405, 97887, 100
2026/06/25 07:05:56.433, 93405, 97887, 75
2026/06/25 07:05:57.433, 93405, 97887, 100
2026/06/25 07:05:58.434, 93405, 97887, 100
2026/06/25 07:05:59.434, 93405, 97887, 100
2026/06/25 07:06:00.435, 93405, 97887, 90
2026/06/25 07:06:01.435, 93405, 97887, 100
2026/06/25 07:06:02.436, 93405, 97887, 75
2026/06/25 07:06:03.436, 93405, 97887, 100
2026/06/25 07:06:04.437, 93405, 97887, 100
2026/06/25 07:06:05.437, 93405, 97887, 100
2026/06/25 07:06:06.437, 93405, 97887, 90
2026/06/25 07:06:07.438, 93405, 97887, 100
2026/06/25 07:06:08.438, 93405, 97887, 75
2026/06/25 07:06:09.439, 93405, 97887, 100
2026/06/25 07:06:10.440, 93405, 97887, 100
2026/06/25 07:06:11.440, 93405, 97887, 100
2026/06/25 07:06:12.441, 93405, 97887, 90
2026/06/25 07:06:13.441, 93405, 97887, 100
2026/06/25 07:06:14.441, 93405, 97887, 71
2026/06/25 07:06:15.442, 93405, 97887, 100
2026/06/25 07:06:16.442, 93405, 97887, 100
2026/06/25 07:06:17.443, 93405, 97887, 100
2026/06/25 07:06:18.443, 93405, 97887, 97
2026/06/25 07:06:19.444, 93405, 97887, 100
2026/06/25 07:06:20.445, 93405, 97887, 81
2026/06/25 07:06:21.445, 93405, 97887, 100
2026/06/25 07:06:22.445, 93405, 97887, 100
2026/06/25 07:06:23.446, 93405, 97887, 94
2026/06/25 07:06:24.446, 93405, 97887, 100
2026/06/25 07:06:25.446, 93405, 97887, 87
2026/06/25 07:06:26.447, 93405, 97887, 100
2026/06/25 07:06:27.447, 93405, 97887, 100
2026/06/25 07:06:28.448, 93405, 97887, 100
2026/06/25 07:06:29.448, 93405, 97887, 97
2026/06/25 07:06:30.449, 93405, 97887, 100
2026/06/25 07:06:31.449, 93405, 97887, 90
2026/06/25 07:06:32.449, 93405, 97887, 100
2026/06/25 07:06:33.450, 93405, 97887, 100
2026/06/25 07:06:34.450, 93405, 97887, 91
2026/06/25 07:06:35.451, 93405, 97887, 94
2026/06/25 07:06:36.451, 93405, 97887, 100
2026/06/25 07:06:37.452, 93405, 97887, 86
2026/06/25 07:06:38.452, 93405, 97887, 100
2026/06/25 07:06:39.452, 93405, 97887, 100
2026/06/25 07:06:40.453, 93405, 97887, 100
2026/06/25 07:06:41.453, 93405, 97887, 97
2026/06/25 07:06:42.454, 93405, 97887, 100
2026/06/25 07:06:43.454, 93405, 97887, 87
2026/06/25 07:06:44.455, 93405, 97887, 100
2026/06/25 07:06:45.455, 93405, 97887, 100
2026/06/25 07:06:46.455, 93405, 97887, 94
2026/06/25 07:06:47.456, 93405, 97887, 100
2026/06/25 07:06:48.456, 93405, 97887, 85
2026/06/25 07:06:49.457, 93405, 97887, 100
2026/06/25 07:06:50.457, 93405, 97887, 100
2026/06/25 07:06:51.458, 93405, 97887, 91
2026/06/25 07:06:52.458, 93405, 97887, 100
2026/06/25 07:06:53.458, 93405, 97887, 77
2026/06/25 07:06:54.459, 93405, 97887, 100
2026/06/25 07:06:55.459, 93405, 97887, 100
2026/06/25 07:06:56.460, 93405, 97887, 93
2026/06/25 07:06:57.460, 93405, 97887, 97
2026/06/25 07:06:58.460, 93405, 97887, 99
2026/06/25 07:06:59.461, 93405, 97887, 98
2026/06/25 07:07:00.461, 93405, 97887, 100
2026/06/25 07:07:01.462, 93405, 97887, 100
2026/06/25 07:07:02.462, 93405, 97887, 91
2026/06/25 07:07:03.462, 93405, 97887, 100
2026/06/25 07:07:04.463, 93405, 97887, 80
2026/06/25 07:07:05.463, 93405, 97887, 100
2026/06/25 07:07:06.463, 93405, 97887, 100
2026/06/25 07:07:07.464, 93405, 97887, 94
2026/06/25 07:07:08.464, 93405, 97887, 100
2026/06/25 07:07:09.465, 93405, 97887, 83
2026/06/25 07:07:10.465, 93405, 97887, 100
2026/06/25 07:07:11.466, 93405, 97887, 0
2026/06/25 07:07:12.466, 93405, 97887, 0
2026/06/25 07:07:13.467, 93405, 97887, 100
2026/06/25 07:07:14.467, 93405, 97887, 94
2026/06/25 07:07:15.468, 93405, 97887, 78
2026/06/25 07:07:16.468, 93405, 97887, 100
2026/06/25 07:07:17.468, 93405, 97887, 100
2026/06/25 07:07:18.469, 93405, 97887, 74
2026/06/25 07:07:19.469, 93405, 97887, 100
2026/06/25 07:07:20.470, 93405, 97887, 100
2026/06/25 07:07:21.470, 93405, 97887, 73
2026/06/25 07:07:22.470, 93405, 97887, 100
2026/06/25 07:07:23.471, 93405, 97887, 100
2026/06/25 07:07:24.471, 93405, 97887, 68
2026/06/25 07:07:25.472, 93405, 97887, 100
2026/06/25 07:07:26.472, 93405, 97887, 100
2026/06/25 07:07:27.472, 93405, 97887, 73
2026/06/25 07:07:28.473, 93405, 97887, 100
2026/06/25 07:07:29.473, 93405, 97887, 94
2026/06/25 07:07:30.474, 93405, 97887, 70
2026/06/25 07:07:31.474, 93405, 97887, 100
2026/06/25 07:07:32.474, 93405, 97887, 100
2026/06/25 07:07:33.475, 93405, 97887, 89
2026/06/25 07:07:34.475, 93405, 97887, 83
2026/06/25 07:07:35.476, 93405, 97887, 100
2026/06/25 07:07:36.476, 93405, 97887, 95
2026/06/25 07:07:37.476, 93405, 97887, 60
2026/06/25 07:07:38.477, 93405, 97887, 100
2026/06/25 07:07:39.477, 93405, 97887, 95
2026/06/25 07:07:40.477, 93405, 97887, 70
2026/06/25 07:07:41.478, 93405, 97887, 100
2026/06/25 07:07:42.478, 93405, 97887, 95
2026/06/25 07:07:43.479, 93405, 97887, 71
2026/06/25 07:07:44.479, 93405, 97887, 100
2026/06/25 07:07:45.480, 93405, 97887, 95
2026/06/25 07:07:46.480, 93405, 97887, 72
2026/06/25 07:07:47.480, 93405, 97887, 100
2026/06/25 07:07:48.481, 93405, 97887, 60
2026/06/25 07:07:49.481, 93405, 97887, 100
2026/06/25 07:07:50.482, 93405, 97887, 100
2026/06/25 07:07:51.482, 93405, 97887, 72
2026/06/25 07:07:52.482, 93405, 97887, 100
2026/06/25 07:07:53.483, 93405, 97887, 100
2026/06/25 07:07:54.483, 93405, 97887, 70
2026/06/25 07:07:55.484, 93405, 97887, 100
2026/06/25 07:07:56.484, 93405, 97887, 100
2026/06/25 07:07:57.484, 93405, 97887, 72
2026/06/25 07:07:58.485, 93405, 97887, 100
2026/06/25 07:07:59.485, 93405, 97887, 100
2026/06/25 07:08:00.485, 93405, 97887, 70
2026/06/25 07:08:01.486, 93405, 97887, 100
2026/06/25 07:08:02.486, 93405, 97887, 100
2026/06/25 07:08:03.487, 93405, 97887, 71
2026/06/25 07:08:04.487, 93405, 97887, 100
2026/06/25 07:08:05.487, 93405, 97887, 95
2026/06/25 07:08:06.488, 93405, 97887, 71
2026/06/25 07:08:07.488, 93405, 97887, 100
2026/06/25 07:08:08.489, 93405, 97887, 95
2026/06/25 07:08:09.489, 93405, 97887, 72
2026/06/25 07:08:10.489, 93405, 97887, 100
2026/06/25 07:08:11.490, 93405, 97887, 95
2026/06/25 07:08:12.490, 93405, 97887, 70
2026/06/25 07:08:13.490, 93405, 97887, 100
2026/06/25 07:08:14.491, 93405, 97887, 95
2026/06/25 07:08:15.491, 93405, 97887, 70
2026/06/25 07:08:16.491, 93405, 97887, 100
2026/06/25 07:08:17.492, 93405, 97887, 96
2026/06/25 07:08:18.492, 93405, 97887, 71
2026/06/25 07:08:19.492, 93405, 97887, 100
2026/06/25 07:08:20.493, 93405, 97887, 100
2026/06/25 07:08:21.493, 93405, 97887, 72
2026/06/25 07:08:22.494, 93405, 97887, 100
2026/06/25 07:08:23.494, 93405, 97887, 100
2026/06/25 07:08:24.494, 93405, 97887, 70
2026/06/25 07:08:25.495, 93405, 97887, 100
2026/06/25 07:08:26.495, 93405, 97887, 100
2026/06/25 07:08:27.496, 93405, 97887, 70
2026/06/25 07:08:28.496, 93405, 97887, 100
2026/06/25 07:08:29.497, 93405, 97887, 100
2026/06/25 07:08:30.497, 93405, 97887, 70
2026/06/25 07:08:31.497, 93405, 97887, 100
2026/06/25 07:08:32.498, 93405, 97887, 75
2026/06/25 07:08:33.498, 93405, 97887, 100
2026/06/25 07:08:34.499, 93405, 97887, 0
2026/06/25 07:08:35.499, 93405, 97887, 7
2026/06/25 07:08:36.500, 93405, 97887, 0
2026/06/25 07:08:37.500, 93405, 97887, 0
2026/06/25 07:08:38.500, 93405, 97887, 0
2026/06/25 07:08:39.501, 93405, 97887, 75
2026/06/25 07:08:40.501, 93405, 97887, 100
2026/06/25 07:08:41.504, 93405, 97887, 91
2026/06/25 07:08:42.504, 93405, 97887, 100
2026/06/25 07:08:43.505, 93405, 97887, 100
2026/06/25 07:08:44.505, 93405, 97887, 85
2026/06/25 07:08:45.505, 93405, 97887, 100
2026/06/25 07:08:46.506, 93405, 97887, 79
2026/06/25 07:08:47.506, 93405, 97887, 100
2026/06/25 07:08:48.507, 93405, 97887, 100
2026/06/25 07:08:49.507, 93405, 97887, 94
2026/06/25 07:08:50.507, 93405, 97887, 100
2026/06/25 07:08:51.508, 93405, 97887, 89
2026/06/25 07:08:52.508, 93405, 97887, 100
2026/06/25 07:08:53.508, 93405, 97887, 100
2026/06/25 07:08:54.509, 93405, 97887, 100
2026/06/25 07:08:55.509, 93405, 97887, 97
2026/06/25 07:08:56.509, 93405, 97887, 100
2026/06/25 07:08:57.510, 93405, 97887, 80
2026/06/25 07:08:58.510, 93405, 97887, 100
2026/06/25 07:08:59.511, 93405, 97887, 100
2026/06/25 07:09:00.511, 93405, 97887, 94
2026/06/25 07:09:01.511, 93405, 97887, 100
2026/06/25 07:09:02.512, 93405, 97887, 95
2026/06/25 07:09:03.512, 93405, 97887, 100
2026/06/25 07:09:04.513, 93405, 97887, 100
2026/06/25 07:09:05.513, 93405, 97887, 100
2026/06/25 07:09:06.514, 93405, 97887, 91
2026/06/25 07:09:07.514, 93405, 97887, 100
2026/06/25 07:09:08.514, 93405, 97887, 77
2026/06/25 07:09:09.515, 93405, 97887, 100
2026/06/25 07:09:10.515, 93405, 97887, 100
2026/06/25 07:09:11.516, 93405, 97887, 94
2026/06/25 07:09:12.516, 93405, 97887, 100
2026/06/25 07:09:13.516, 93405, 97887, 91
2026/06/25 07:09:14.517, 93405, 97887, 100
2026/06/25 07:09:15.517, 93405, 97887, 100
2026/06/25 07:09:16.518, 93405, 97887, 100
2026/06/25 07:09:17.518, 93405, 97887, 93
2026/06/25 07:09:18.518, 93405, 97887, 100
2026/06/25 07:09:19.519, 93405, 97887, 81
2026/06/25 07:09:20.519, 93405, 97887, 100
2026/06/25 07:09:21.520, 93405, 97887, 100
2026/06/25 07:09:22.520, 93405, 97887, 94
2026/06/25 07:09:23.520, 93405, 97887, 100
2026/06/25 07:09:24.521, 93405, 97887, 76
2026/06/25 07:09:25.521, 93405, 97887, 100
2026/06/25 07:09:26.522, 93405, 97887, 100
2026/06/25 07:09:27.522, 93405, 97887, 100
2026/06/25 07:09:28.522, 93405, 97887, 97
2026/06/25 07:09:29.523, 93405, 97887, 100
2026/06/25 07:09:30.523, 93405, 97887, 91
2026/06/25 07:09:31.524, 93405, 97887, 100
2026/06/25 07:09:32.524, 93405, 97887, 100
2026/06/25 07:09:33.524, 93405, 97887, 94
2026/06/25 07:09:34.525, 93405, 97887, 100
2026/06/25 07:09:35.525, 93405, 97887, 78
2026/06/25 07:09:36.526, 93405, 97887, 100
2026/06/25 07:09:37.526, 93405, 97887, 100
2026/06/25 07:09:38.527, 93405, 97887, 100
2026/06/25 07:09:39.527, 93405, 97887, 97
2026/06/25 07:09:40.527, 93405, 97887, 94
2026/06/25 07:09:41.528, 93405, 97887, 100
2026/06/25 07:09:42.528, 93405, 97887, 100
2026/06/25 07:09:43.529, 93405, 97887, 100
2026/06/25 07:09:44.529, 93405, 97887, 91
2026/06/25 07:09:45.529, 93405, 97887, 100
2026/06/25 07:09:46.530, 93405, 97887, 80
2026/06/25 07:09:47.530, 93405, 97887, 100
2026/06/25 07:09:48.531, 93405, 97887, 100
2026/06/25 07:09:49.531, 93405, 97887, 94
2026/06/25 07:09:50.531, 93405, 97887, 99
2026/06/25 07:09:51.532, 93405, 97887, 99
2026/06/25 07:09:52.532, 93405, 97887, 100
2026/06/25 07:09:53.532, 93405, 97887, 100
2026/06/25 07:09:54.533, 93405, 97887, 100
2026/06/25 07:09:55.533, 93405, 97887, 91
2026/06/25 07:09:56.533, 93405, 97887, 100
2026/06/25 07:09:57.534, 93405, 97887, 79
2026/06/25 07:09:58.534, 93405, 97887, 100
2026/06/25 07:09:59.535, 93405, 97887, 100
2026/06/25 07:10:00.535, 93405, 97887, 97
2026/06/25 07:10:01.535, 93405, 97887, 100
2026/06/25 07:10:02.536, 93405, 97887, 91
2026/06/25 07:10:03.536, 93424, 97887, 100
2026/06/25 07:10:04.538, 93405, 97887, 100
2026/06/25 07:10:05.538, 93405, 97887, 94
2026/06/25 07:10:06.539, 93405, 97887, 100
2026/06/25 07:10:07.539, 93405, 97887, 82
2026/06/25 07:10:08.539, 93405, 97887, 100
2026/06/25 07:10:09.540, 93405, 97887, 100
2026/06/25 07:10:10.540, 93405, 97887, 100
2026/06/25 07:10:11.541, 93405, 97887, 97
2026/06/25 07:10:12.541, 93405, 97887, 100
2026/06/25 07:10:13.542, 93405, 97887, 96
2026/06/25 07:10:14.542, 93405, 97887, 100
2026/06/25 07:10:15.542, 93405, 97887, 100
2026/06/25 07:10:16.543, 93405, 97887, 91
2026/06/25 07:10:17.543, 93405, 97887, 100
2026/06/25 07:10:18.543, 93405, 97887, 77
2026/06/25 07:10:19.544, 93405, 97887, 100
2026/06/25 07:10:20.544, 93405, 97887, 100
2026/06/25 07:10:21.544, 93405, 97887, 94
2026/06/25 07:10:22.545, 93405, 97887, 100
2026/06/25 07:10:23.545, 93405, 97887, 86
2026/06/25 07:10:24.545, 93405, 97887, 100
2026/06/25 07:10:25.546, 93405, 97887, 0
2026/06/25 07:10:26.546, 93405, 97887, 0
2026/06/25 07:10:27.547, 93405, 97887, 100
2026/06/25 07:10:28.547, 93405, 97887, 66
2026/06/25 07:10:29.547, 93405, 97887, 99
2026/06/25 07:10:30.548, 93405, 97887, 100
2026/06/25 07:10:31.548, 93405, 97887, 68
2026/06/25 07:10:32.549, 93405, 97887, 100
2026/06/25 07:10:33.549, 93405, 97887, 100
2026/06/25 07:10:34.550, 93405, 97887, 62
2026/06/25 07:10:35.550, 93405, 97887, 100
2026/06/25 07:10:36.550, 93405, 97887, 100
2026/06/25 07:10:37.551, 93405, 97887, 64
2026/06/25 07:10:38.551, 93405, 97887, 100
2026/06/25 07:10:39.552, 93405, 97887, 100
2026/06/25 07:10:40.552, 93405, 97887, 60
2026/06/25 07:10:41.553, 93405, 97887, 100
2026/06/25 07:10:42.553, 93405, 97887, 53
2026/06/25 07:10:43.553, 93405, 97887, 100
2026/06/25 07:10:44.554, 93405, 97887, 100
2026/06/25 07:10:45.554, 93405, 97887, 63
2026/06/25 07:10:46.555, 93405, 97887, 100
2026/06/25 07:10:47.555, 93405, 97887, 100
2026/06/25 07:10:48.556, 93405, 97887, 64
2026/06/25 07:10:49.556, 93405, 97887, 98
2026/06/25 07:10:50.557, 93405, 97887, 100
2026/06/25 07:10:51.557, 93405, 97887, 64
2026/06/25 07:10:52.558, 93405, 97887, 98
2026/06/25 07:10:53.558, 93405, 97887, 100
2026/06/25 07:10:54.559, 93405, 97887, 64
2026/06/25 07:10:55.559, 93405, 97887, 99
2026/06/25 07:10:56.560, 93405, 97887, 100
2026/06/25 07:10:57.560, 93405, 97887, 56
2026/06/25 07:10:58.561, 93405, 97887, 100
2026/06/25 07:10:59.561, 93405, 97887, 87
2026/06/25 07:11:00.562, 93405, 97887, 76
2026/06/25 07:11:01.563, 93405, 97887, 100
2026/06/25 07:11:02.563, 93405, 97887, 84
2026/06/25 07:11:03.564, 93405, 97887, 82
2026/06/25 07:11:04.564, 93405, 97887, 100
2026/06/25 07:11:05.565, 93405, 97887, 58
2026/06/25 07:11:06.565, 93405, 97887, 100
2026/06/25 07:11:07.566, 93405, 97887, 94
2026/06/25 07:11:08.566, 93405, 97887, 50
2026/06/25 07:11:09.566, 93405, 97887, 100
2026/06/25 07:11:10.567, 93405, 97887, 100
2026/06/25 07:11:11.568, 93405, 97887, 64
2026/06/25 07:11:12.568, 93405, 97887, 100
2026/06/25 07:11:13.569, 93405, 97887, 100
2026/06/25 07:11:14.569, 93405, 97887, 64
2026/06/25 07:11:15.570, 93405, 97887, 100
2026/06/25 07:11:16.570, 93405, 97887, 100
2026/06/25 07:11:17.571, 93405, 97887, 64
2026/06/25 07:11:18.571, 93405, 97887, 100
2026/06/25 07:11:19.571, 93405, 97887, 62
2026/06/25 07:11:20.572, 93405, 97887, 100
2026/06/25 07:11:21.572, 93405, 97887, 91
2026/06/25 07:11:22.573, 93405, 97887, 63
2026/06/25 07:11:23.573, 93405, 97887, 100
2026/06/25 07:11:24.574, 93405, 97887, 96
2026/06/25 07:11:25.574, 93405, 97887, 68
2026/06/25 07:11:26.575, 93405, 97887, 100
2026/06/25 07:11:27.575, 93405, 97887, 64
2026/06/25 07:11:28.575, 93405, 97887, 99
2026/06/25 07:11:29.576, 93405, 97887, 100
2026/06/25 07:11:30.576, 93405, 97887, 64
2026/06/25 07:11:31.577, 93405, 97887, 100
2026/06/25 07:11:32.578, 93405, 97887, 100
2026/06/25 07:11:33.578, 93405, 97887, 65
2026/06/25 07:11:34.579, 93405, 97887, 100
2026/06/25 07:11:35.579, 93405, 97887, 64
2026/06/25 07:11:36.579, 93405, 97887, 99
2026/06/25 07:11:37.580, 93405, 97887, 100
2026/06/25 07:11:38.580, 93405, 97887, 63
2026/06/25 07:11:39.581, 93405, 97887, 99
2026/06/25 07:11:40.581, 93405, 97887, 100
2026/06/25 07:11:41.582, 93405, 97887, 64
2026/06/25 07:11:42.582, 93405, 97887, 100
2026/06/25 07:11:43.583, 93405, 97887, 100
2026/06/25 07:11:44.583, 93405, 97887, 64
2026/06/25 07:11:45.584, 93405, 97887, 100
2026/06/25 07:11:46.584, 93405, 97887, 100
2026/06/25 07:11:47.584, 93405, 97887, 64
2026/06/25 07:11:48.585, 93405, 97887, 100
2026/06/25 07:11:49.585, 93405, 97887, 100
2026/06/25 07:11:50.586, 93405, 97887, 100
2026/06/25 07:11:51.586, 93405, 97887, 70
2026/06/25 07:11:52.587, 93405, 97887, 4
2026/06/25 07:11:53.587, 93405, 97887, 3
2026/06/25 07:11:54.588, 93405, 97887, 0
2026/06/25 07:11:55.588, 93405, 97887, 0
2026/06/25 07:11:56.588, 93405, 97887, 0
2026/06/25 07:11:57.589, 93405, 97887, 100
2026/06/25 07:11:58.589, 93405, 97887, 73
2026/06/25 07:11:59.590, 93405, 97887, 87
2026/06/25 07:12:00.590, 93405, 97887, 100
2026/06/25 07:12:01.591, 93405, 97887, 100
2026/06/25 07:12:02.591, 93405, 97887, 0
2026/06/25 07:12:03.592, 93405, 97887, 0
2026/06/25 07:12:04.592, 93405, 97887, 0
2026/06/25 07:12:05.593, 93405, 97887, 0
2026/06/25 07:12:06.594, 93405, 97887, 87
2026/06/25 07:12:07.594, 93405, 97887, 97
2026/06/25 07:12:08.595, 93405, 97887, 100
2026/06/25 07:12:09.595, 93405, 97887, 54
2026/06/25 07:12:10.595, 93405, 97887, 100
2026/06/25 07:12:11.596, 93405, 97887, 100
2026/06/25 07:12:12.597, 93405, 97887, 100
2026/06/25 07:12:13.597, 93405, 97887, 91
2026/06/25 07:12:14.597, 93405, 97887, 96
2026/06/25 07:12:15.598, 93405, 97887, 100
2026/06/25 07:12:16.598, 93405, 97887, 73
2026/06/25 07:12:17.598, 93405, 97887, 92
2026/06/25 07:12:18.599, 93405, 97887, 100
2026/06/25 07:12:19.599, 93405, 97887, 100
2026/06/25 07:12:20.600, 93405, 97887, 100
2026/06/25 07:12:21.600, 93405, 97887, 100
2026/06/25 07:12:22.600, 93405, 97887, 88
2026/06/25 07:12:23.601, 93405, 97887, 97
2026/06/25 07:12:24.601, 93405, 97887, 100
2026/06/25 07:12:25.602, 93405, 97887, 70
2026/06/25 07:12:26.602, 93405, 97887, 75
2026/06/25 07:12:27.602, 93405, 97887, 100
2026/06/25 07:12:28.603, 93405, 97887, 100
2026/06/25 07:12:29.604, 93405, 97887, 100
2026/06/25 07:12:30.604, 93405, 97887, 88
2026/06/25 07:12:31.604, 93405, 97887, 100
2026/06/25 07:12:32.605, 93405, 97887, 100
2026/06/25 07:12:33.605, 93405, 97887, 59
2026/06/25 07:12:34.606, 93405, 97887, 100
2026/06/25 07:12:35.606, 93405, 97887, 100
2026/06/25 07:12:36.607, 93405, 97887, 100
2026/06/25 07:12:37.607, 93405, 97887, 89
2026/06/25 07:12:38.608, 93405, 97887, 97
2026/06/25 07:12:39.608, 93405, 97887, 100
2026/06/25 07:12:40.609, 93405, 97887, 56
2026/06/25 07:12:41.609, 93405, 97887, 100
2026/06/25 07:12:42.610, 93405, 97887, 100
2026/06/25 07:12:43.610, 93405, 97887, 100
2026/06/25 07:12:44.611, 93405, 97887, 100
2026/06/25 07:12:45.611, 93405, 97887, 97
2026/06/25 07:12:46.612, 93405, 97887, 100
2026/06/25 07:12:47.612, 93405, 97887, 75
2026/06/25 07:12:48.613, 93405, 97887, 88
2026/06/25 07:12:49.613, 93405, 97887, 100
2026/06/25 07:12:50.614, 93405, 97887, 100
2026/06/25 07:12:51.614, 93405, 97887, 100
2026/06/25 07:12:52.614, 93405, 97887, 85
2026/06/25 07:12:53.615, 93405, 97887, 100
2026/06/25 07:12:54.615, 93405, 97887, 91
2026/06/25 07:12:55.616, 93405, 97887, 74
2026/06/25 07:12:56.616, 93405, 97887, 100
2026/06/25 07:12:57.617, 93405, 97887, 100
2026/06/25 07:12:58.617, 93405, 97887, 100
2026/06/25 07:12:59.617, 93405, 97887, 91
2026/06/25 07:13:00.618, 93405, 97887, 97
2026/06/25 07:13:01.618, 93405, 97887, 100
2026/06/25 07:13:02.619, 93405, 97887, 55
2026/06/25 07:13:03.619, 93405, 97887, 100
2026/06/25 07:13:04.620, 93405, 97887, 100
2026/06/25 07:13:05.620, 93405, 97887, 100
2026/06/25 07:13:06.620, 93405, 97887, 90
2026/06/25 07:13:07.621, 93405, 97887, 97
2026/06/25 07:13:08.621, 93405, 97887, 100
2026/06/25 07:13:09.621, 93405, 97887, 61
2026/06/25 07:13:10.622, 93405, 97887, 87
2026/06/25 07:13:11.622, 93405, 97887, 100
2026/06/25 07:13:12.623, 93405, 97887, 100
2026/06/25 07:13:13.623, 93405, 97887, 100
2026/06/25 07:13:14.623, 93405, 97887, 88
2026/06/25 07:13:15.624, 93405, 97887, 98
2026/06/25 07:13:16.624, 93405, 97887, 57
2026/06/25 07:13:17.624, 93405, 97887, 100
2026/06/25 07:13:18.625, 93405, 97887, 100
2026/06/25 07:13:19.626, 93405, 97887, 100
2026/06/25 07:13:20.626, 93405, 97887, 91
2026/06/25 07:13:21.626, 93405, 97887, 97
2026/06/25 07:13:22.627, 93405, 97887, 100
2026/06/25 07:13:23.627, 93405, 97887, 57
2026/06/25 07:13:24.628, 93405, 97887, 100
2026/06/25 07:13:25.628, 93405, 97887, 100
2026/06/25 07:13:26.628, 93405, 97887, 100
2026/06/25 07:13:27.629, 93405, 97887, 89
2026/06/25 07:13:28.629, 93405, 97887, 87
2026/06/25 07:13:29.629, 93405, 97887, 100
2026/06/25 07:13:30.630, 93405, 97887, 51
2026/06/25 07:13:31.630, 93405, 97887, 100
2026/06/25 07:13:32.630, 93405, 97887, 100
2026/06/25 07:13:33.631, 93405, 97887, 100
2026/06/25 07:13:34.631, 93405, 97887, 100
2026/06/25 07:13:35.632, 93405, 97887, 87
2026/06/25 07:13:36.632, 93405, 97887, 100
2026/06/25 07:13:37.632, 93405, 97887, 88
2026/06/25 07:13:38.633, 93405, 97887, 74
2026/06/25 07:13:39.633, 93405, 97887, 100
2026/06/25 07:13:40.633, 93405, 97887, 100
2026/06/25 07:13:41.634, 93405, 97887, 100
2026/06/25 07:13:42.634, 93405, 97887, 90
2026/06/25 07:13:43.635, 93405, 97887, 100
2026/06/25 07:13:44.635, 93405, 97887, 100
2026/06/25 07:13:45.636, 93405, 97887, 51
2026/06/25 07:13:46.636, 93405, 97887, 100
2026/06/25 07:13:47.636, 93405, 97887, 100
2026/06/25 07:13:48.637, 93405, 97887, 100
2026/06/25 07:13:49.637, 93405, 97887, 92
2026/06/25 07:13:50.637, 93405, 97887, 10
2026/06/25 07:13:51.638, 93405, 97887, 0
2026/06/25 07:13:52.638, 93405, 97887, 0
2026/06/25 07:13:53.639, 93405, 97887, 100
2026/06/25 07:13:54.639, 93405, 97887, 66
2026/06/25 07:13:55.640, 93405, 97887, 100
2026/06/25 07:13:56.640, 93405, 97887, 100
2026/06/25 07:13:57.641, 93405, 97887, 66
2026/06/25 07:13:58.641, 93405, 97887, 100
2026/06/25 07:13:59.641, 93405, 97887, 100
2026/06/25 07:14:00.642, 93405, 97887, 66
2026/06/25 07:14:01.642, 93405, 97887, 100
2026/06/25 07:14:02.643, 93405, 97887, 99
2026/06/25 07:14:03.643, 93405, 97887, 68
2026/06/25 07:14:04.644, 93405, 97887, 100
2026/06/25 07:14:05.644, 93405, 97887, 100
2026/06/25 07:14:06.645, 93405, 97887, 61
2026/06/25 07:14:07.645, 93405, 97887, 100
2026/06/25 07:14:08.646, 93405, 97887, 100
2026/06/25 07:14:09.646, 93405, 97887, 68
2026/06/25 07:14:10.647, 93405, 97887, 100
2026/06/25 07:14:11.647, 93405, 97887, 100
2026/06/25 07:14:12.648, 93405, 97887, 66
2026/06/25 07:14:13.648, 93405, 97887, 100
2026/06/25 07:14:14.649, 93405, 97887, 94
2026/06/25 07:14:15.649, 93405, 97887, 66
2026/06/25 07:14:16.650, 93405, 97887, 100
2026/06/25 07:14:17.650, 93405, 97887, 100
2026/06/25 07:14:18.651, 93405, 97887, 66
2026/06/25 07:14:19.652, 93405, 97887, 100
2026/06/25 07:14:20.653, 93405, 97887, 100
2026/06/25 07:14:21.653, 93405, 97887, 66
2026/06/25 07:14:22.654, 93405, 97887, 100
2026/06/25 07:14:23.654, 93405, 97887, 100
2026/06/25 07:14:24.655, 93405, 97887, 67
2026/06/25 07:14:25.655, 93405, 97887, 100
2026/06/25 07:14:26.656, 93405, 97887, 66
2026/06/25 07:14:27.656, 93405, 97887, 100
2026/06/25 07:14:28.657, 93405, 97887, 100
2026/06/25 07:14:29.657, 93405, 97887, 55
2026/06/25 07:14:30.658, 93405, 97887, 100
2026/06/25 07:14:31.659, 93405, 97887, 100
2026/06/25 07:14:32.659, 93405, 97887, 64
2026/06/25 07:14:33.660, 93405, 97887, 100
2026/06/25 07:14:34.660, 93405, 97887, 94
2026/06/25 07:14:35.661, 93405, 97887, 65
2026/06/25 07:14:36.661, 93405, 97887, 100
2026/06/25 07:14:37.662, 93405, 97887, 94
2026/06/25 07:14:38.662, 93405, 97887, 66
2026/06/25 07:14:39.662, 93405, 97887, 100
2026/06/25 07:14:40.663, 93405, 97887, 100
2026/06/25 07:14:41.664, 93405, 97887, 64
2026/06/25 07:14:42.664, 93405, 97887, 100
2026/06/25 07:14:43.665, 93405, 97887, 98
2026/06/25 07:14:44.665, 93405, 97887, 65
2026/06/25 07:14:45.666, 93405, 97887, 100
2026/06/25 07:14:46.666, 93405, 97887, 100
2026/06/25 07:14:47.667, 93405, 97887, 64
2026/06/25 07:14:48.667, 93405, 97887, 100
2026/06/25 07:14:49.668, 93405, 97887, 80
2026/06/25 07:14:50.668, 93405, 97887, 87
2026/06/25 07:14:51.669, 93405, 97887, 100
2026/06/25 07:14:52.669, 93405, 97887, 66
2026/06/25 07:14:53.670, 93405, 97887, 100
2026/06/25 07:14:54.671, 93405, 97887, 100
2026/06/25 07:14:55.671, 93405, 97887, 65
2026/06/25 07:14:56.672, 93405, 97887, 100
2026/06/25 07:14:57.672, 93405, 97887, 100
2026/06/25 07:14:58.673, 93405, 97887, 63
2026/06/25 07:14:59.673, 93405, 97887, 100
2026/06/25 07:15:00.674, 93405, 97887, 100
2026/06/25 07:15:01.674, 93405, 97887, 64
2026/06/25 07:15:02.675, 93405, 97887, 100
2026/06/25 07:15:03.675, 93964, 97887, 100
2026/06/25 07:15:04.676, 93405, 97887, 66
2026/06/25 07:15:05.676, 93405, 97887, 100
2026/06/25 07:15:06.678, 93405, 97887, 100
2026/06/25 07:15:07.679, 93405, 97887, 61
2026/06/25 07:15:08.679, 93405, 97887, 100
2026/06/25 07:15:09.680, 93405, 97887, 67
2026/06/25 07:15:10.680, 93405, 97887, 99
2026/06/25 07:15:11.681, 93405, 97887, 100
2026/06/25 07:15:12.681, 93405, 97887, 54
2026/06/25 07:15:13.682, 93405, 97887, 100
2026/06/25 07:15:14.683, 93405, 97887, 21
2026/06/25 07:15:15.683, 93405, 97887, 100
2026/06/25 07:15:16.684, 93405, 97887, 100
2026/06/25 07:15:17.684, 93405, 97887, 5
2026/06/25 07:15:18.685, 93405, 97887, 5
2026/06/25 07:15:19.685, 93405, 97887, 0
2026/06/25 07:15:20.686, 93405, 97887, 0
2026/06/25 07:15:21.686, 93405, 97887, 44
2026/06/25 07:15:22.687, 93405, 97887, 100
2026/06/25 07:15:23.687, 93405, 97887, 97
2026/06/25 07:15:24.688, 93405, 97887, 100
2026/06/25 07:15:25.688, 93405, 97887, 62
2026/06/25 07:15:26.689, 93405, 97887, 94
2026/06/25 07:15:27.689, 93405, 97887, 100
2026/06/25 07:15:28.690, 93405, 97887, 100
2026/06/25 07:15:29.690, 93405, 97887, 100
2026/06/25 07:15:30.691, 93405, 97887, 87
2026/06/25 07:15:31.691, 93405, 97887, 100
2026/06/25 07:15:32.692, 93405, 97887, 99
2026/06/25 07:15:33.692, 93405, 97887, 65
2026/06/25 07:15:34.692, 93405, 97887, 100
2026/06/25 07:15:35.693, 93405, 97887, 100
2026/06/25 07:15:36.694, 93405, 97887, 100
2026/06/25 07:15:37.694, 93405, 97887, 88
2026/06/25 07:15:38.694, 93405, 97887, 98
2026/06/25 07:15:39.695, 93405, 97887, 100
2026/06/25 07:15:40.695, 93405, 97887, 52
2026/06/25 07:15:41.696, 93405, 97887, 100
2026/06/25 07:15:42.696, 93405, 97887, 100
2026/06/25 07:15:43.697, 93405, 97887, 100
2026/06/25 07:15:44.697, 93405, 97887, 89
2026/06/25 07:15:45.698, 93405, 97887, 97
2026/06/25 07:15:46.698, 93405, 97887, 100
2026/06/25 07:15:47.699, 93405, 97887, 92
2026/06/25 07:15:48.699, 93405, 97887, 54
2026/06/25 07:15:49.699, 93405, 97887, 100
2026/06/25 07:15:50.700, 93405, 97887, 100
2026/06/25 07:15:51.700, 93405, 97887, 100
2026/06/25 07:15:52.701, 93405, 97887, 90
2026/06/25 07:15:53.701, 93405, 97887, 98
2026/06/25 07:15:54.702, 93405, 97887, 100
2026/06/25 07:15:55.702, 93405, 97887, 45
2026/06/25 07:15:56.705, 93405, 97887, 100
2026/06/25 07:15:57.705, 93405, 97887, 100
2026/06/25 07:15:58.706, 93405, 97887, 100
2026/06/25 07:15:59.706, 93405, 97887, 100
2026/06/25 07:16:00.707, 93405, 97887, 84
2026/06/25 07:16:01.707, 93405, 97887, 100
2026/06/25 07:16:02.707, 93405, 97887, 95
2026/06/25 07:16:03.708, 93405, 97887, 62
2026/06/25 07:16:04.708, 93405, 97887, 100
2026/06/25 07:16:05.709, 93405, 97887, 100
2026/06/25 07:16:06.709, 93405, 97887, 100
2026/06/25 07:16:07.710, 93405, 97887, 90
2026/06/25 07:16:08.710, 93405, 97887, 97
2026/06/25 07:16:09.711, 93405, 97887, 100
2026/06/25 07:16:10.711, 93405, 97887, 54
2026/06/25 07:16:11.711, 93405, 97887, 96
2026/06/25 07:16:12.712, 93405, 97887, 100
2026/06/25 07:16:13.712, 93405, 97887, 100
2026/06/25 07:16:14.713, 93405, 97887, 100
2026/06/25 07:16:15.713, 93405, 97887, 94
2026/06/25 07:16:16.714, 93405, 97887, 100
2026/06/25 07:16:17.714, 93405, 97887, 80
2026/06/25 07:16:18.715, 93405, 97887, 81
2026/06/25 07:16:19.715, 93405, 97887, 100
2026/06/25 07:16:20.715, 93405, 97887, 100
2026/06/25 07:16:21.716, 93405, 97887, 100
2026/06/25 07:16:22.716, 93405, 97887, 84
2026/06/25 07:16:23.717, 93405, 97887, 100
2026/06/25 07:16:24.717, 93405, 97887, 89
2026/06/25 07:16:25.718, 93405, 97887, 76
2026/06/25 07:16:26.718, 93405, 97887, 100
2026/06/25 07:16:27.719, 93405, 97887, 100
2026/06/25 07:16:28.719, 93405, 97887, 100
2026/06/25 07:16:29.719, 93405, 97887, 88
2026/06/25 07:16:30.720, 93405, 97887, 100
2026/06/25 07:16:31.720, 93405, 97887, 94
2026/06/25 07:16:32.721, 93405, 97887, 100
2026/06/25 07:16:33.721, 93405, 97887, 100
2026/06/25 07:16:34.721, 93405, 97887, 100
2026/06/25 07:16:35.722, 93405, 97887, 89
2026/06/25 07:16:36.722, 93405, 97887, 100
2026/06/25 07:16:37.722, 93405, 97887, 100
2026/06/25 07:16:38.723, 93405, 97887, 70
2026/06/25 07:16:39.723, 93405, 97887, 100
2026/06/25 07:16:40.724, 93405, 97887, 100
2026/06/25 07:16:41.724, 93405, 97887, 100
2026/06/25 07:16:42.725, 93405, 97887, 97
2026/06/25 07:16:43.725, 93405, 97887, 100
2026/06/25 07:16:44.725, 93405, 97887, 68
2026/06/25 07:16:45.726, 93405, 97887, 100
2026/06/25 07:16:46.726, 93405, 97887, 100
2026/06/25 07:16:47.727, 93405, 97887, 100
2026/06/25 07:16:48.727, 93405, 97887, 97
2026/06/25 07:16:49.727, 93405, 97887, 100
2026/06/25 07:16:50.728, 93405, 97887, 70
2026/06/25 07:16:51.728, 93405, 97887, 100
2026/06/25 07:16:52.729, 93405, 97887, 100
2026/06/25 07:16:53.729, 93405, 97887, 100
2026/06/25 07:16:54.729, 93405, 97887, 90
2026/06/25 07:16:55.730, 93405, 97887, 100
2026/06/25 07:16:56.730, 93405, 97887, 77
2026/06/25 07:16:57.731, 93405, 97887, 91
2026/06/25 07:16:58.731, 93405, 97887, 100
2026/06/25 07:16:59.731, 93405, 97887, 100
2026/06/25 07:17:00.732, 93405, 97887, 100
2026/06/25 07:17:01.732, 93405, 97887, 85
2026/06/25 07:17:02.733, 93405, 97887, 100
2026/06/25 07:17:03.733, 93405, 97887, 73
2026/06/25 07:17:04.733, 93405, 97887, 94
2026/06/25 07:17:05.734, 93405, 97887, 100
2026/06/25 07:17:06.734, 93405, 97887, 100
2026/06/25 07:17:07.735, 93405, 97887, 98
2026/06/25 07:17:08.735, 93405, 97887, 97
2026/06/25 07:17:09.736, 93405, 97887, 100
2026/06/25 07:17:10.736, 93405, 97887, 69
2026/06/25 07:17:11.737, 93405, 97887, 85
2026/06/25 07:17:12.737, 93405, 97887, 0
2026/06/25 07:17:13.738, 93405, 97887, 0
2026/06/25 07:17:14.738, 93405, 97887, 0
2026/06/25 07:17:15.738, 93405, 97887, 100
2026/06/25 07:17:16.739, 93405, 97887, 92
2026/06/25 07:17:17.739, 93405, 97887, 65
2026/06/25 07:17:18.740, 93405, 97887, 100
2026/06/25 07:17:19.740, 93405, 97887, 100
2026/06/25 07:17:20.741, 93405, 97887, 68
2026/06/25 07:17:21.741, 93405, 97887, 100
2026/06/25 07:17:22.741, 93405, 97887, 100
2026/06/25 07:17:23.742, 93405, 97887, 66
2026/06/25 07:17:24.743, 93405, 97887, 100
2026/06/25 07:17:25.743, 93405, 97887, 91
2026/06/25 07:17:26.744, 93405, 97887, 65
2026/06/25 07:17:27.744, 93405, 97887, 100
2026/06/25 07:17:28.745, 93405, 97887, 65
2026/06/25 07:17:29.745, 93405, 97887, 100
2026/06/25 07:17:30.746, 93405, 97887, 94
2026/06/25 07:17:31.746, 93405, 97887, 65
2026/06/25 07:17:32.747, 93405, 97887, 100
2026/06/25 07:17:33.747, 93405, 97887, 100
2026/06/25 07:17:34.748, 93405, 97887, 66
2026/06/25 07:17:35.748, 93405, 97887, 100
2026/06/25 07:17:36.749, 93405, 97887, 100
2026/06/25 07:17:37.749, 93405, 97887, 70
2026/06/25 07:17:38.749, 93405, 97887, 96
2026/06/25 07:17:39.750, 93405, 97887, 100
2026/06/25 07:17:40.751, 93405, 97887, 90
2026/06/25 07:17:41.751, 93405, 97887, 77
2026/06/25 07:17:42.752, 93405, 97887, 100
2026/06/25 07:17:43.752, 93405, 97887, 72
2026/06/25 07:17:44.753, 93405, 97887, 96
2026/06/25 07:17:45.753, 93405, 97887, 100
2026/06/25 07:17:46.753, 93405, 97887, 66
2026/06/25 07:17:47.754, 93405, 97887, 100
2026/06/25 07:17:48.754, 93405, 97887, 100
2026/06/25 07:17:49.755, 93405, 97887, 64
2026/06/25 07:17:50.755, 93405, 97887, 100
2026/06/25 07:17:51.756, 93405, 97887, 91
2026/06/25 07:17:52.756, 93405, 97887, 65
2026/06/25 07:17:53.756, 93405, 97887, 100
2026/06/25 07:17:54.757, 93405, 97887, 100
2026/06/25 07:17:55.757, 93405, 97887, 67
2026/06/25 07:17:56.758, 93405, 97887, 100
2026/06/25 07:17:57.758, 93405, 97887, 100
2026/06/25 07:17:58.758, 93405, 97887, 66
2026/06/25 07:17:59.759, 93405, 97887, 100
2026/06/25 07:18:00.760, 93405, 97887, 100
2026/06/25 07:18:01.760, 93405, 97887, 55
2026/06/25 07:18:02.761, 93405, 97887, 100
2026/06/25 07:18:03.761, 93405, 97887, 100
2026/06/25 07:18:04.761, 93405, 97887, 61
2026/06/25 07:18:05.762, 93405, 97887, 100
2026/06/25 07:18:06.762, 93405, 97887, 65
2026/06/25 07:18:07.763, 93405, 97887, 100
2026/06/25 07:18:08.763, 93405, 97887, 100
2026/06/25 07:18:09.763, 93405, 97887, 65
2026/06/25 07:18:10.764, 93405, 97887, 100
2026/06/25 07:18:11.764, 93405, 97887, 100
2026/06/25 07:18:12.765, 93405, 97887, 66
2026/06/25 07:18:13.766, 93405, 97887, 100
2026/06/25 07:18:14.767, 93405, 97887, 94
2026/06/25 07:18:15.767, 93405, 97887, 66
2026/06/25 07:18:16.768, 93405, 97887, 100
2026/06/25 07:18:17.768, 93405, 97887, 74
2026/06/25 07:18:18.768, 93405, 97887, 93
2026/06/25 07:18:19.769, 93405, 97887, 100
2026/06/25 07:18:20.769, 93405, 97887, 65
2026/06/25 07:18:21.770, 93405, 97887, 100
2026/06/25 07:18:22.770, 93405, 97887, 94
2026/06/25 07:18:23.771, 93405, 97887, 65
2026/06/25 07:18:24.771, 93405, 97887, 100
2026/06/25 07:18:25.772, 93405, 97887, 100
2026/06/25 07:18:26.772, 93405, 97887, 66
2026/06/25 07:18:27.772, 93405, 97887, 100
2026/06/25 07:18:28.773, 93405, 97887, 100
2026/06/25 07:18:29.773, 93405, 97887, 67
2026/06/25 07:18:30.774, 93405, 97887, 100
2026/06/25 07:18:31.774, 93405, 97887, 100
2026/06/25 07:18:32.775, 93405, 97887, 67
2026/06/25 07:18:33.775, 93405, 97887, 100
2026/06/25 07:18:34.776, 93405, 97887, 66
2026/06/25 07:18:35.776, 93405, 97887, 100
2026/06/25 07:18:36.777, 93405, 97887, 0
2026/06/25 07:18:37.777, 93405, 97887, 100
2026/06/25 07:18:38.777, 93405, 97887, 100
2026/06/25 07:18:39.778, 93405, 97887, 9
2026/06/25 07:18:40.778, 93405, 97887, 0
2026/06/25 07:18:41.779, 93405, 97887, 0
2026/06/25 07:18:42.779, 93405, 97887, 0
2026/06/25 07:18:43.780, 93405, 97887, 79
2026/06/25 07:18:44.780, 93405, 97887, 100
2026/06/25 07:18:45.780, 93405, 97887, 100
2026/06/25 07:18:46.781, 93405, 97887, 100
2026/06/25 07:18:47.781, 93405, 97887, 86
2026/06/25 07:18:48.782, 93405, 97887, 0
2026/06/25 07:18:49.782, 93405, 97887, 56
2026/06/25 07:18:50.782, 93405, 97887, 90
2026/06/25 07:18:51.783, 93405, 97887, 0
2026/06/25 07:18:52.783, 93405, 97887, 0
2026/06/25 07:18:53.784, 93405, 97887, 100
2026/06/25 07:18:54.784, 93405, 97887, 81
2026/06/25 07:18:55.784, 93405, 97887, 83
2026/06/25 07:18:56.785, 93405, 97887, 100
2026/06/25 07:18:57.785, 93405, 97887, 100
2026/06/25 07:18:58.786, 93405, 97887, 100
2026/06/25 07:18:59.786, 93405, 97887, 90
2026/06/25 07:19:00.786, 93405, 97887, 100
2026/06/25 07:19:01.787, 93405, 97887, 70
2026/06/25 07:19:02.787, 93405, 97887, 100
2026/06/25 07:19:03.788, 93405, 97887, 100
2026/06/25 07:19:04.788, 93405, 97887, 100
2026/06/25 07:19:05.788, 93405, 97887, 92
2026/06/25 07:19:06.789, 93405, 97887, 100
2026/06/25 07:19:07.789, 93405, 97887, 89
2026/06/25 07:19:08.790, 93405, 97887, 88
2026/06/25 07:19:09.790, 93405, 97887, 100
2026/06/25 07:19:10.790, 93405, 97887, 100
2026/06/25 07:19:11.791, 93405, 97887, 100
2026/06/25 07:19:12.791, 93405, 97887, 88
2026/06/25 07:19:13.792, 93405, 97887, 100
2026/06/25 07:19:14.792, 93405, 97887, 92
2026/06/25 07:19:15.793, 93405, 97887, 80
2026/06/25 07:19:16.793, 93405, 97887, 100
2026/06/25 07:19:17.794, 93405, 97887, 100
2026/06/25 07:19:18.794, 93405, 97887, 100
2026/06/25 07:19:19.795, 93405, 97887, 89
2026/06/25 07:19:20.795, 93405, 97887, 100
2026/06/25 07:19:21.796, 93405, 97887, 87
2026/06/25 07:19:22.797, 93405, 97887, 91
2026/06/25 07:19:23.797, 93405, 97887, 100
2026/06/25 07:19:24.798, 93405, 97887, 100
2026/06/25 07:19:25.798, 93405, 97887, 100
2026/06/25 07:19:26.799, 93405, 97887, 97
2026/06/25 07:19:27.799, 93405, 97887, 100
2026/06/25 07:19:28.799, 93405, 97887, 59
2026/06/25 07:19:29.800, 93405, 97887, 100
2026/06/25 07:19:30.800, 93405, 97887, 100
2026/06/25 07:19:31.801, 93405, 97887, 100
2026/06/25 07:19:32.801, 93405, 97887, 92
2026/06/25 07:19:33.802, 93405, 97887, 97
2026/06/25 07:19:34.802, 93405, 97887, 100
2026/06/25 07:19:35.803, 93405, 97887, 63
2026/06/25 07:19:36.803, 93405, 97887, 100
2026/06/25 07:19:37.803, 93405, 97887, 100
2026/06/25 07:19:38.804, 93405, 97887, 100
2026/06/25 07:19:39.804, 93405, 97887, 92
2026/06/25 07:19:40.805, 93405, 97887, 100
2026/06/25 07:19:41.806, 93405, 97887, 96
2026/06/25 07:19:42.806, 93405, 97887, 81
2026/06/25 07:19:43.807, 93405, 97887, 100
2026/06/25 07:19:44.807, 93405, 97887, 100
2026/06/25 07:19:45.808, 93405, 97887, 100
2026/06/25 07:19:46.808, 93405, 97887, 89
2026/06/25 07:19:47.808, 93405, 97887, 100
2026/06/25 07:19:48.809, 93405, 97887, 73
2026/06/25 07:19:49.809, 93405, 97887, 93
2026/06/25 07:19:50.810, 93405, 97887, 100
2026/06/25 07:19:51.810, 93405, 97887, 100
2026/06/25 07:19:52.811, 93405, 97887, 89
2026/06/25 07:19:53.811, 93405, 97887, 100
2026/06/25 07:19:54.812, 93405, 97887, 92
2026/06/25 07:19:55.812, 93405, 97887, 85
2026/06/25 07:19:56.813, 93405, 97887, 100
2026/06/25 07:19:57.813, 93405, 97887, 100
2026/06/25 07:19:58.813, 93405, 97887, 100
2026/06/25 07:19:59.814, 93405, 97887, 97
2026/06/25 07:20:00.814, 93405, 97887, 100
2026/06/25 07:20:01.815, 93405, 97887, 74
2026/06/25 07:20:02.815, 93405, 97887, 90
2026/06/25 07:20:03.816, 93405, 97887, 100
2026/06/25 07:20:04.982, 93405, 97887, 89
2026/06/25 07:20:05.982, 93405, 97887, 100
2026/06/25 07:20:06.983, 93405, 97887, 98
2026/06/25 07:20:07.983, 93405, 97887, 76
2026/06/25 07:20:08.984, 93405, 97887, 100
2026/06/25 07:20:09.984, 93405, 97887, 100
2026/06/25 07:20:10.985, 93405, 97887, 100
2026/06/25 07:20:11.986, 93405, 97887, 89
2026/06/25 07:20:12.986, 93405, 97887, 100
2026/06/25 07:20:13.987, 93405, 97887, 98
2026/06/25 07:20:14.987, 93405, 97887, 75
2026/06/25 07:20:15.987, 93405, 97887, 100
2026/06/25 07:20:16.988, 93405, 97887, 100
2026/06/25 07:20:17.988, 93405, 97887, 100
2026/06/25 07:20:18.989, 93405, 97887, 87
2026/06/25 07:20:19.989, 93405, 97887, 100
2026/06/25 07:20:20.990, 93405, 97887, 91
2026/06/25 07:20:21.990, 93405, 97887, 87
2026/06/25 07:20:22.990, 93405, 97887, 100
2026/06/25 07:20:23.991, 93405, 97887, 100
2026/06/25 07:20:24.991, 93405, 97887, 100
2026/06/25 07:20:25.992, 93405, 97887, 97
2026/06/25 07:20:26.992, 93405, 97887, 100
2026/06/25 07:20:27.993, 93405, 97887, 65
2026/06/25 07:20:28.993, 93405, 97887, 100
2026/06/25 07:20:29.994, 93405, 97887, 100
2026/06/25 07:20:30.994, 93405, 97887, 100
2026/06/25 07:20:31.995, 93405, 97887, 93
2026/06/25 07:20:32.995, 93405, 97887, 97
2026/06/25 07:20:33.996, 93405, 97887, 100
2026/06/25 07:20:34.996, 93405, 97887, 67
2026/06/25 07:20:35.997, 93405, 97887, 0
2026/06/25 07:20:36.997, 93405, 97887, 0
2026/06/25 07:20:37.998, 93405, 97887, 0
2026/06/25 07:20:38.998, 93405, 97887, 100
2026/06/25 07:20:39.999, 93405, 97887, 100
2026/06/25 07:20:40.999, 93405, 97887, 65
2026/06/25 07:20:42.000, 93405, 97887, 100
2026/06/25 07:20:43.000, 93405, 97887, 93
2026/06/25 07:20:44.001, 93405, 97887, 66
2026/06/25 07:20:45.001, 93405, 97887, 100
2026/06/25 07:20:46.002, 93405, 97887, 95
2026/06/25 07:20:47.002, 93405, 97887, 66
2026/06/25 07:20:48.002, 93405, 97887, 100
2026/06/25 07:20:49.003, 93405, 97887, 100
2026/06/25 07:20:50.003, 93405, 97887, 67
2026/06/25 07:20:51.004, 93405, 97887, 100
2026/06/25 07:20:52.004, 93405, 97887, 100
2026/06/25 07:20:53.005, 93405, 97887, 68
2026/06/25 07:20:54.007, 93405, 97887, 100
2026/06/25 07:20:55.007, 93405, 97887, 100
2026/06/25 07:20:56.007, 93405, 97887, 67
2026/06/25 07:20:57.008, 93405, 97887, 100
2026/06/25 07:20:58.008, 93405, 97887, 94
2026/06/25 07:20:59.009, 93405, 97887, 67
2026/06/25 07:21:00.009, 93405, 97887, 100
2026/06/25 07:21:01.009, 93405, 97887, 100
2026/06/25 07:21:02.010, 93405, 97887, 65
2026/06/25 07:21:03.010, 93405, 97887, 100
2026/06/25 07:21:04.011, 93405, 97887, 100
2026/06/25 07:21:05.011, 93405, 97887, 66
2026/06/25 07:21:06.011, 93405, 97887, 100
2026/06/25 07:21:07.012, 93405, 97887, 94
2026/06/25 07:21:08.012, 93405, 97887, 66
2026/06/25 07:21:09.013, 93405, 97887, 100
2026/06/25 07:21:10.013, 93405, 97887, 100
2026/06/25 07:21:11.014, 93405, 97887, 55
2026/06/25 07:21:12.015, 93405, 97887, 100
2026/06/25 07:21:13.015, 93405, 97887, 100
2026/06/25 07:21:14.015, 93405, 97887, 66
2026/06/25 07:21:15.016, 93405, 97887, 100
2026/06/25 07:21:16.016, 93405, 97887, 73
2026/06/25 07:21:17.017, 93405, 97887, 94
2026/06/25 07:21:18.017, 93405, 97887, 100
2026/06/25 07:21:19.018, 93405, 97887, 70
2026/06/25 07:21:20.018, 93405, 97887, 97
2026/06/25 07:21:21.019, 93405, 97887, 100
2026/06/25 07:21:22.019, 93405, 97887, 72
2026/06/25 07:21:23.020, 93405, 97887, 93
2026/06/25 07:21:24.020, 93405, 97887, 100
2026/06/25 07:21:25.021, 93405, 97887, 100
2026/06/25 07:21:26.021, 93405, 97887, 62
2026/06/25 07:21:27.021, 93405, 97887, 100
2026/06/25 07:21:28.022, 93405, 97887, 100
2026/06/25 07:21:29.023, 93405, 97887, 71
2026/06/25 07:21:30.023, 93405, 97887, 100
2026/06/25 07:21:31.023, 93405, 97887, 67
2026/06/25 07:21:32.024, 93405, 97887, 100
2026/06/25 07:21:33.024, 93405, 97887, 100
2026/06/25 07:21:34.025, 93405, 97887, 66
2026/06/25 07:21:35.026, 93405, 97887, 100
2026/06/25 07:21:36.026, 93405, 97887, 94
2026/06/25 07:21:37.026, 93405, 97887, 66
2026/06/25 07:21:38.027, 93405, 97887, 100
2026/06/25 07:21:39.027, 93405, 97887, 100
2026/06/25 07:21:40.028, 93405, 97887, 67
2026/06/25 07:21:41.028, 93405, 97887, 100
2026/06/25 07:21:42.029, 93405, 97887, 76
2026/06/25 07:21:43.030, 93405, 97887, 92
2026/06/25 07:21:44.030, 93405, 97887, 100
2026/06/25 07:21:45.030, 93405, 97887, 67
2026/06/25 07:21:46.031, 93405, 97887, 100
2026/06/25 07:21:47.031, 93405, 97887, 91
2026/06/25 07:21:48.032, 93405, 97887, 66
2026/06/25 07:21:49.032, 93405, 97887, 100
2026/06/25 07:21:50.032, 93405, 97887, 95
2026/06/25 07:21:51.033, 93405, 97887, 43
2026/06/25 07:21:52.033, 93405, 97887, 100
2026/06/25 07:21:53.034, 93405, 97887, 83
2026/06/25 07:21:54.034, 93405, 97887, 83
2026/06/25 07:21:55.034, 93405, 97887, 100
2026/06/25 07:21:56.035, 93405, 97887, 93
2026/06/25 07:21:57.035, 93405, 97887, 74
2026/06/25 07:21:58.036, 93405, 97887, 100
2026/06/25 07:21:59.037, 93405, 97887, 67
2026/06/25 07:22:00.037, 93405, 97887, 100
2026/06/25 07:22:01.037, 93405, 97887, 63
2026/06/25 07:22:02.038, 93405, 97887, 4
2026/06/25 07:22:03.038, 93405, 97887, 5
2026/06/25 07:22:04.039, 93405, 97887, 0
2026/06/25 07:22:05.040, 93405, 97887, 0
2026/06/25 07:22:06.041, 93405, 97887, 0
2026/06/25 07:22:07.041, 93405, 97887, 0
2026/06/25 07:22:08.042, 93405, 97887, 100
2026/06/25 07:22:09.043, 93405, 97887, 88
2026/06/25 07:22:10.043, 93405, 97887, 100
2026/06/25 07:22:11.044, 93405, 97887, 71
2026/06/25 07:22:12.044, 93405, 97887, 93
2026/06/25 07:22:13.045, 93405, 97887, 100
2026/06/25 07:22:14.045, 93405, 97887, 100
2026/06/25 07:22:15.045, 93405, 97887, 100
2026/06/25 07:22:16.046, 93405, 97887, 100
2026/06/25 07:22:17.046, 93405, 97887, 92
2026/06/25 07:22:18.047, 93405, 97887, 100
2026/06/25 07:22:19.047, 93405, 97887, 98
2026/06/25 07:22:20.047, 93405, 97887, 79
2026/06/25 07:22:21.048, 93405, 97887, 100
2026/06/25 07:22:22.048, 93405, 97887, 100
2026/06/25 07:22:23.048, 93405, 97887, 100
2026/06/25 07:22:24.049, 93405, 97887, 97
2026/06/25 07:22:25.049, 93405, 97887, 100
2026/06/25 07:22:26.050, 93405, 97887, 81
2026/06/25 07:22:27.050, 93405, 97887, 83
2026/06/25 07:22:28.051, 93405, 97887, 100
2026/06/25 07:22:29.051, 93405, 97887, 100
2026/06/25 07:22:30.052, 93405, 97887, 100
2026/06/25 07:22:31.052, 93405, 97887, 97
2026/06/25 07:22:32.052, 93405, 97887, 100
2026/06/25 07:22:33.053, 93405, 97887, 64
2026/06/25 07:22:34.054, 93405, 97887, 100
2026/06/25 07:22:35.054, 93405, 97887, 100
2026/06/25 07:22:36.054, 93405, 97887, 100
2026/06/25 07:22:37.055, 93405, 97887, 92
2026/06/25 07:22:38.055, 93405, 97887, 100
2026/06/25 07:22:39.056, 93405, 97887, 94
2026/06/25 07:22:40.056, 93405, 97887, 73
2026/06/25 07:22:41.057, 93405, 97887, 100
2026/06/25 07:22:42.057, 93405, 97887, 100
2026/06/25 07:22:43.058, 93405, 97887, 100
2026/06/25 07:22:44.058, 93405, 97887, 90
2026/06/25 07:22:45.058, 93405, 97887, 100
2026/06/25 07:22:46.059, 93405, 97887, 78
2026/06/25 07:22:47.060, 93405, 97887, 92
2026/06/25 07:22:48.060, 93405, 97887, 100
2026/06/25 07:22:49.060, 93405, 97887, 100
2026/06/25 07:22:50.061, 93405, 97887, 100
2026/06/25 07:22:51.061, 93405, 97887, 86
2026/06/25 07:22:52.062, 93405, 97887, 100
2026/06/25 07:22:53.062, 93405, 97887, 58
2026/06/25 07:22:54.063, 93405, 97887, 100
2026/06/25 07:22:55.063, 93405, 97887, 100
2026/06/25 07:22:56.064, 93405, 97887, 100
2026/06/25 07:22:57.064, 93405, 97887, 100
2026/06/25 07:22:58.065, 93405, 97887, 100
2026/06/25 07:22:59.065, 93405, 97887, 100
2026/06/25 07:23:00.065, 93405, 97887, 93
2026/06/25 07:23:01.066, 93405, 97887, 56
2026/06/25 07:23:02.066, 93405, 97887, 100
2026/06/25 07:23:03.067, 93405, 97887, 100
2026/06/25 07:23:04.067, 93405, 97887, 100
2026/06/25 07:23:05.068, 93405, 97887, 90
2026/06/25 07:23:06.068, 93405, 97887, 100
2026/06/25 07:23:07.068, 93405, 97887, 75
2026/06/25 07:23:08.069, 93405, 97887, 99
2026/06/25 07:23:09.069, 93405, 97887, 100
2026/06/25 07:23:10.070, 93405, 97887, 100
2026/06/25 07:23:11.070, 93405, 97887, 92
2026/06/25 07:23:12.071, 93405, 97887, 97
2026/06/25 07:23:13.071, 93405, 97887, 100
2026/06/25 07:23:14.071, 93405, 97887, 55
2026/06/25 07:23:15.072, 93405, 97887, 100
2026/06/25 07:23:16.072, 93405, 97887, 100
2026/06/25 07:23:17.073, 93405, 97887, 100
2026/06/25 07:23:18.073, 93405, 97887, 92
2026/06/25 07:23:19.074, 93405, 97887, 100
2026/06/25 07:23:20.074, 93405, 97887, 92
2026/06/25 07:23:21.074, 93405, 97887, 0
2026/06/25 07:23:22.075, 93405, 97887, 95
2026/06/25 07:23:23.075, 93405, 97887, 78
2026/06/25 07:23:24.076, 93405, 97887, 100
2026/06/25 07:23:25.076, 93405, 97887, 100
2026/06/25 07:23:26.077, 93405, 97887, 100
2026/06/25 07:23:27.077, 93405, 97887, 94
2026/06/25 07:23:28.077, 93405, 97887, 100
2026/06/25 07:23:29.078, 93405, 97887, 66
2026/06/25 07:23:30.078, 93405, 97887, 100
2026/06/25 07:23:31.079, 93405, 97887, 100
2026/06/25 07:23:32.079, 93405, 97887, 100
2026/06/25 07:23:33.080, 93405, 97887, 92
2026/06/25 07:23:34.080, 93405, 97887, 97
2026/06/25 07:23:35.081, 93405, 97887, 100
2026/06/25 07:23:36.081, 93405, 97887, 54
2026/06/25 07:23:37.082, 93405, 97887, 100
2026/06/25 07:23:38.082, 93405, 97887, 100
2026/06/25 07:23:39.083, 93405, 97887, 100
2026/06/25 07:23:40.083, 93405, 97887, 92
2026/06/25 07:23:41.083, 93405, 97887, 100
2026/06/25 07:23:42.084, 93405, 97887, 100
2026/06/25 07:23:43.085, 93405, 97887, 67
2026/06/25 07:23:44.085, 93405, 97887, 100
2026/06/25 07:23:45.085, 93405, 97887, 100
2026/06/25 07:23:46.086, 93405, 97887, 100
2026/06/25 07:23:47.086, 93405, 97887, 88
2026/06/25 07:23:48.087, 93405, 97887, 100
2026/06/25 07:23:49.087, 93405, 97887, 68
2026/06/25 07:23:50.087, 93405, 97887, 100
2026/06/25 07:23:51.088, 93405, 97887, 100
2026/06/25 07:23:52.088, 93405, 97887, 100
2026/06/25 07:23:53.089, 93405, 97887, 92
2026/06/25 07:23:54.089, 93405, 97887, 98
2026/06/25 07:23:55.089, 93405, 97887, 100
2026/06/25 07:23:56.090, 93405, 97887, 68
2026/06/25 07:23:57.090, 93405, 97887, 0
2026/06/25 07:23:58.090, 93405, 97887, 0
2026/06/25 07:23:59.091, 93405, 97887, 0
2026/06/25 07:24:00.091, 93405, 97887, 100
2026/06/25 07:24:01.092, 93405, 97887, 100
2026/06/25 07:24:02.092, 93405, 97887, 64
2026/06/25 07:24:03.092, 93405, 97887, 100
2026/06/25 07:24:04.093, 93405, 97887, 92
2026/06/25 07:24:05.093, 93405, 97887, 58
2026/06/25 07:24:06.094, 93405, 97887, 100
2026/06/25 07:24:07.094, 93405, 97887, 100
2026/06/25 07:24:08.095, 93405, 97887, 66
2026/06/25 07:24:09.095, 93405, 97887, 100
2026/06/25 07:24:10.097, 93405, 97887, 87
2026/06/25 07:24:11.097, 93405, 97887, 76
2026/06/25 07:24:12.098, 93405, 97887, 100
2026/06/25 07:24:13.098, 93405, 97887, 66
2026/06/25 07:24:14.099, 93405, 97887, 99
2026/06/25 07:24:15.099, 93405, 97887, 100
2026/06/25 07:24:16.100, 93405, 97887, 65
2026/06/25 07:24:17.100, 93405, 97887, 100
2026/06/25 07:24:18.100, 93405, 97887, 100
2026/06/25 07:24:19.101, 93405, 97887, 89
2026/06/25 07:24:20.101, 93405, 97887, 76
2026/06/25 07:24:21.102, 93405, 97887, 100
2026/06/25 07:24:22.102, 93405, 97887, 99
2026/06/25 07:24:23.103, 93405, 97887, 66
2026/06/25 07:24:24.103, 93405, 97887, 100
2026/06/25 07:24:25.104, 93405, 97887, 89
2026/06/25 07:24:26.104, 93405, 97887, 74
2026/06/25 07:24:27.104, 93405, 97887, 100
2026/06/25 07:24:28.105, 93405, 97887, 65
2026/06/25 07:24:29.105, 93405, 97887, 99
2026/06/25 07:24:30.106, 93405, 97887, 100
2026/06/25 07:24:31.106, 93405, 97887, 64
2026/06/25 07:24:32.107, 93405, 97887, 100
2026/06/25 07:24:33.107, 93405, 97887, 100
2026/06/25 07:24:34.107, 93405, 97887, 65
2026/06/25 07:24:35.108, 93405, 97887, 100
2026/06/25 07:24:36.108, 93405, 97887, 96
2026/06/25 07:24:37.109, 93405, 97887, 66
2026/06/25 07:24:38.109, 93405, 97887, 100
2026/06/25 07:24:39.110, 93405, 97887, 100
2026/06/25 07:24:40.110, 93405, 97887, 66
2026/06/25 07:24:41.111, 93405, 97887, 100
2026/06/25 07:24:42.111, 93405, 97887, 100
2026/06/25 07:24:43.111, 93405, 97887, 66
2026/06/25 07:24:44.112, 93405, 97887, 100
2026/06/25 07:24:45.112, 93405, 97887, 100
2026/06/25 07:24:46.113, 93405, 97887, 67
2026/06/25 07:24:47.113, 93405, 97887, 100
2026/06/25 07:24:48.114, 93405, 97887, 100
2026/06/25 07:24:49.114, 93405, 97887, 66
2026/06/25 07:24:50.115, 93405, 97887, 100
2026/06/25 07:24:51.115, 93405, 97887, 71
2026/06/25 07:24:52.115, 93405, 97887, 96
2026/06/25 07:24:53.116, 93405, 97887, 100
2026/06/25 07:24:54.118, 93405, 97887, 65
2026/06/25 07:24:55.118, 93405, 97887, 100
2026/06/25 07:24:56.119, 93405, 97887, 94
2026/06/25 07:24:57.119, 93405, 97887, 67
2026/06/25 07:24:58.119, 93405, 97887, 100
2026/06/25 07:24:59.120, 93405, 97887, 100
2026/06/25 07:25:00.120, 93405, 97887, 67
2026/06/25 07:25:01.121, 93405, 97887, 100
2026/06/25 07:25:02.121, 93405, 97887, 100
2026/06/25 07:25:03.122, 93405, 97887, 62
2026/06/25 07:25:04.122, 93405, 97887, 100
2026/06/25 07:25:05.123, 93405, 97887, 66
2026/06/25 07:25:06.123, 93405, 97887, 100
2026/06/25 07:25:07.123, 93405, 97887, 95
2026/06/25 07:25:08.124, 93405, 97887, 65
2026/06/25 07:25:09.124, 93405, 97887, 100
2026/06/25 07:25:10.124, 93405, 97887, 93
2026/06/25 07:25:11.125, 93405, 97887, 62
2026/06/25 07:25:12.126, 93405, 97887, 100
2026/06/25 07:25:13.126, 93405, 97887, 95
2026/06/25 07:25:14.127, 93405, 97887, 66
2026/06/25 07:25:15.127, 93405, 97887, 100
2026/06/25 07:25:16.128, 93405, 97887, 100
2026/06/25 07:25:17.128, 93405, 97887, 63
2026/06/25 07:25:18.128, 93405, 97887, 100
2026/06/25 07:25:19.129, 93405, 97887, 80
2026/06/25 07:25:20.129, 93405, 97887, 87
2026/06/25 07:25:21.132, 93405, 97887, 0
2026/06/25 07:25:22.132, 93405, 97887, 92
2026/06/25 07:25:23.135, 93405, 97887, 1
2026/06/25 07:25:24.135, 93405, 97887, 3
2026/06/25 07:25:25.135, 93405, 97887, 0
2026/06/25 07:25:26.136, 93405, 97887, 0
2026/06/25 07:25:27.136, 93405, 97887, 0
2026/06/25 07:25:28.136, 93405, 97887, 61
2026/06/25 07:25:29.137, 93405, 97887, 100
2026/06/25 07:25:30.137, 93405, 97887, 43
2026/06/25 07:25:31.138, 93405, 97887, 100
2026/06/25 07:25:32.138, 93405, 97887, 100
2026/06/25 07:25:33.139, 93405, 97887, 100
2026/06/25 07:25:34.139, 93405, 97887, 83
2026/06/25 07:25:35.139, 93405, 97887, 96
2026/06/25 07:25:36.140, 93405, 97887, 0
2026/06/25 07:25:37.140, 93405, 97887, 86
2026/06/25 07:25:38.141, 93405, 97887, 0
2026/06/25 07:25:39.141, 93405, 97887, 0
2026/06/25 07:25:40.142, 93405, 97887, 0
2026/06/25 07:25:41.142, 93405, 97887, 0
2026/06/25 07:25:42.143, 93405, 97887, 26
2026/06/25 07:25:43.143, 93405, 97887, 13
2026/06/25 07:25:44.144, 93405, 97887, 0
2026/06/25 07:25:45.144, 93405, 97887, 0
2026/06/25 07:25:46.144, 93405, 97887, 0
2026/06/25 07:25:47.145, 93405, 97887, 0
2026/06/25 07:25:48.145, 93405, 97887, 0
2026/06/25 07:25:49.146, 93405, 97887, 0
