global_step,task_loss,ewc_term_raw,ewc_lambda,apply_half_factor
0,1.2065774202346802,0.0,300000.0,True
1,1.027400016784668,0.0,300000.0,True
2,0.9618809223175049,5.605804154207306e-10,300000.0,True
3,1.0512549877166748,2.3618693667515345e-09,300000.0,True
4,0.8483995795249939,6.726688983604845e-09,300000.0,True
5,1.0031096935272217,1.309591457498982e-08,300000.0,True
6,0.8818269968032837,2.2054589265962932e-08,300000.0,True
7,1.1012307405471802,3.3934814069880304e-08,300000.0,True
8,0.921681821346283,4.9029750925910776e-08,300000.0,True
9,0.9383934736251831,6.498459725889916e-08,300000.0,True
10,0.768939733505249,8.143272367533427e-08,300000.0,True
11,0.8910327553749084,9.856678673259012e-08,300000.0,True
12,0.9539761543273926,1.1525867193995509e-07,300000.0,True
13,0.9792401790618896,1.3757735928265902e-07,300000.0,True
14,1.03740656375885,1.6279702208521485e-07,300000.0,True
15,0.7983469367027283,1.9328193445744546e-07,300000.0,True
16,0.7264936566352844,2.250320250141158e-07,300000.0,True
17,0.6536424160003662,2.605697204671742e-07,300000.0,True
18,0.6393917798995972,2.946164272543683e-07,300000.0,True
19,0.8284496665000916,3.3324047876703844e-07,300000.0,True
20,0.5794647336006165,3.716563696798403e-07,300000.0,True
21,0.4562031924724579,4.1522724814058165e-07,300000.0,True
22,0.7842237949371338,4.5698669737248565e-07,300000.0,True
23,0.6136394739151001,4.98445842822548e-07,300000.0,True
24,0.7094496488571167,5.329462169356702e-07,300000.0,True
25,0.4916773736476898,5.66138737667643e-07,300000.0,True
26,0.7918077111244202,5.926569315306551e-07,300000.0,True
27,0.39044538140296936,6.179802198857942e-07,300000.0,True
28,0.7947563529014587,6.388850124494638e-07,300000.0,True
29,0.4268345534801483,6.623953368034563e-07,300000.0,True
30,0.365718275308609,6.81000074109761e-07,300000.0,True
31,0.5505391955375671,6.987962137827708e-07,300000.0,True
32,0.6258087158203125,7.103960797394393e-07,300000.0,True
33,0.33512890338897705,7.213162689367891e-07,300000.0,True
34,0.4435294568538666,7.288943493222177e-07,300000.0,True
35,0.4582367241382599,7.373341759375762e-07,300000.0,True
36,0.3512873947620392,7.440289095939079e-07,300000.0,True
37,0.5608342885971069,7.504002041969215e-07,300000.0,True
38,0.39789488911628723,7.567583679701784e-07,300000.0,True
39,0.5571168065071106,7.552877150374115e-07,300000.0,True
40,0.40768077969551086,7.679389568693296e-07,300000.0,True
41,0.4969380795955658,7.87392025358713e-07,300000.0,True
42,0.49872907996177673,8.037193879317783e-07,300000.0,True
43,0.3996693193912506,8.215711204684339e-07,300000.0,True
44,0.39272451400756836,8.341000921063824e-07,300000.0,True
45,0.4785836338996887,8.489027436553442e-07,300000.0,True
46,0.4741615056991577,8.53739322792535e-07,300000.0,True
47,0.44913116097450256,8.681301437718503e-07,300000.0,True
48,0.5334952473640442,8.737297889638285e-07,300000.0,True
49,0.4355241656303406,9.187610885419417e-07,300000.0,True
50,0.5104681253433228,9.721277365315473e-07,300000.0,True
51,0.6442793011665344,9.92121385934297e-07,300000.0,True
52,0.45294326543807983,1.023192680804641e-06,300000.0,True
53,0.4716913402080536,1.0267419838783098e-06,300000.0,True
54,0.45171108841896057,1.0392332114861347e-06,300000.0,True
55,0.4689650535583496,1.037743345477793e-06,300000.0,True
56,0.45037147402763367,1.0404420436316286e-06,300000.0,True
57,0.4770807921886444,1.0444664440001361e-06,300000.0,True
58,0.5751327276229858,1.0441376616654452e-06,300000.0,True
59,0.378193736076355,1.0361112572354614e-06,300000.0,True
60,0.6007767915725708,1.0252940683130873e-06,300000.0,True
61,0.46525838971138,1.008003323477169e-06,300000.0,True
62,0.5800498127937317,9.897535164782312e-07,300000.0,True
63,0.5308724045753479,9.69307961895538e-07,300000.0,True
64,0.3745459020137787,9.603645594324917e-07,300000.0,True
65,0.3565830886363983,9.509624874226574e-07,300000.0,True
66,0.48193296790122986,9.418612876288535e-07,300000.0,True
67,0.41792306303977966,9.21333764836163e-07,300000.0,True
68,0.4746563136577606,9.366067956761981e-07,300000.0,True
69,0.578161895275116,9.622908692108467e-07,300000.0,True
70,0.5018464922904968,1.0001712098528515e-06,300000.0,True
71,0.24202606081962585,1.0272298140989733e-06,300000.0,True
72,0.36100074648857117,1.0452913556946442e-06,300000.0,True
73,0.4165949523448944,1.0709181879065e-06,300000.0,True
74,0.2936286926269531,1.1486105222502374e-06,300000.0,True
75,0.42905113101005554,1.2294495945752715e-06,300000.0,True
76,0.6562279462814331,1.266881213268789e-06,300000.0,True
77,0.330867737531662,1.2736829830828356e-06,300000.0,True
78,0.36895671486854553,1.2720580571112805e-06,300000.0,True
79,0.4448738396167755,1.2542612921606633e-06,300000.0,True
80,0.4608525037765503,1.2330804111115867e-06,300000.0,True
81,0.5211060047149658,1.2081308113920386e-06,300000.0,True
82,0.37838655710220337,1.187875341202016e-06,300000.0,True
83,0.6381810903549194,1.1548105476322235e-06,300000.0,True
84,0.22211723029613495,1.149618128692964e-06,300000.0,True
85,0.31315380334854126,1.1337657497278997e-06,300000.0,True
86,0.48999184370040894,1.1369638741598465e-06,300000.0,True
87,0.3925544321537018,1.1365979162292206e-06,300000.0,True
88,0.5235010385513306,1.125807898461062e-06,300000.0,True
89,0.5812879800796509,1.1164247553097084e-06,300000.0,True
90,0.5261964797973633,1.1048903161281487e-06,300000.0,True
91,0.42942389845848083,1.0979078979289625e-06,300000.0,True
92,0.42269447445869446,1.0786296797959949e-06,300000.0,True
93,0.3864518702030182,1.0716236147345626e-06,300000.0,True
94,0.4040323495864868,1.074567876457877e-06,300000.0,True
95,0.4715028703212738,1.0949235047519323e-06,300000.0,True
96,0.37233930826187134,1.1013825087502482e-06,300000.0,True
97,0.5001330971717834,1.1355564311088528e-06,300000.0,True
98,0.29632359743118286,1.1812178399850382e-06,300000.0,True
99,0.4589824974536896,1.2193725069664652e-06,300000.0,True
100,0.5453295707702637,1.284451855099178e-06,300000.0,True
101,0.4866039454936981,1.3684762052434962e-06,300000.0,True
102,0.4356621503829956,1.399013058289711e-06,300000.0,True
103,0.45502349734306335,1.4214949715096736e-06,300000.0,True
104,0.40332862734794617,1.406531282555079e-06,300000.0,True
105,0.4674299955368042,1.4051162224859581e-06,300000.0,True
106,0.6093224883079529,1.3869620261175442e-06,300000.0,True
107,0.3873777687549591,1.3712042346014641e-06,300000.0,True
108,0.39343681931495667,1.3511590850612265e-06,300000.0,True
109,0.32920196652412415,1.3348619631869951e-06,300000.0,True
110,0.4588865041732788,1.334204512204451e-06,300000.0,True
111,0.503377377986908,1.3124629276717314e-06,300000.0,True
112,0.40968066453933716,1.3137182577338535e-06,300000.0,True
113,0.5629544258117676,1.3040714748058235e-06,300000.0,True
114,0.33442914485931396,1.305428781961382e-06,300000.0,True
115,0.5274696350097656,1.3160822618374368e-06,300000.0,True
116,0.3449734151363373,1.3313378985913005e-06,300000.0,True
117,0.3433492183685303,1.3247820334072458e-06,300000.0,True
118,0.5148918032646179,1.3238264955361956e-06,300000.0,True
119,0.4209333658218384,1.3114857893015142e-06,300000.0,True
120,0.28388574719429016,1.3168306622901582e-06,300000.0,True
121,0.3372490108013153,1.3132807907823008e-06,300000.0,True
122,0.3291545808315277,1.3127196325513069e-06,300000.0,True
123,0.4378937780857086,1.3061260233371286e-06,300000.0,True
124,0.3993034362792969,1.2952293673151871e-06,300000.0,True
125,0.38313645124435425,1.282062385143945e-06,300000.0,True
126,0.3594965934753418,1.2734948313664063e-06,300000.0,True
127,0.4819543957710266,1.26177360471047e-06,300000.0,True
128,0.39630022644996643,1.2616021649591858e-06,300000.0,True
129,0.326058954000473,1.2699274520855397e-06,300000.0,True
130,0.4938133656978607,1.2851469364250079e-06,300000.0,True
131,0.4269409477710724,1.2989386277695303e-06,300000.0,True
132,0.4703822731971741,1.310758534600609e-06,300000.0,True
133,0.4207216501235962,1.3071620514892857e-06,300000.0,True
134,0.3892095685005188,1.3053565908194287e-06,300000.0,True
135,0.5711674690246582,1.2966846725248615e-06,300000.0,True
136,0.3738516569137573,1.2896371117676608e-06,300000.0,True
137,0.28113853931427,1.2804986226910842e-06,300000.0,True
138,0.44515523314476013,1.2718110156129114e-06,300000.0,True
139,0.3347243070602417,1.2615174682650832e-06,300000.0,True
140,0.35159826278686523,1.2557293302961625e-06,300000.0,True
141,0.508051335811615,1.2524899375421228e-06,300000.0,True
142,0.386820912361145,1.2580934480865835e-06,300000.0,True
143,0.43448129296302795,1.2568690408443217e-06,300000.0,True
144,0.3709403872489929,1.2617655329449917e-06,300000.0,True
145,0.3639738857746124,1.2617085758392932e-06,300000.0,True
146,0.6610126495361328,1.2821610653190874e-06,300000.0,True
147,0.3825260102748871,1.3172010540074552e-06,300000.0,True
148,0.4246097803115845,1.3346109426493058e-06,300000.0,True
149,0.3719419836997986,1.339496293439879e-06,300000.0,True
150,0.5417912602424622,1.3598636314782198e-06,300000.0,True
151,0.39882197976112366,1.373906570734107e-06,300000.0,True
152,0.48212406039237976,1.39548831157299e-06,300000.0,True
153,0.5493075847625732,1.408302068739431e-06,300000.0,True
154,0.5908153057098389,1.4157678833726095e-06,300000.0,True
155,0.5192995667457581,1.4146571629680693e-06,300000.0,True
156,0.556800127029419,1.4255548421715503e-06,300000.0,True
157,0.3215193450450897,1.4335746527649462e-06,300000.0,True
158,0.5730181336402893,1.4422040521822055e-06,300000.0,True
159,0.4371853768825531,1.4421169680645107e-06,300000.0,True
160,0.4122580587863922,1.436664547327382e-06,300000.0,True
161,0.641797661781311,1.427560505362635e-06,300000.0,True
162,0.4578152000904083,1.4266988728195429e-06,300000.0,True
163,0.49271684885025024,1.4191303989719017e-06,300000.0,True
164,0.34242886304855347,1.410483264407958e-06,300000.0,True
165,0.3698875904083252,1.391711975884391e-06,300000.0,True
166,0.39345216751098633,1.3866967947251396e-06,300000.0,True
167,0.413185179233551,1.3804304899167619e-06,300000.0,True
168,0.3072427809238434,1.3813634041071055e-06,300000.0,True
169,0.38266634941101074,1.3843191482010297e-06,300000.0,True
170,0.5037586688995361,1.3790997854812304e-06,300000.0,True
171,0.5108848810195923,1.3858388001608546e-06,300000.0,True
172,0.3935447335243225,1.3834114724886604e-06,300000.0,True
173,0.41674932837486267,1.3886277656638413e-06,300000.0,True
174,0.4087853729724884,1.3848791695636464e-06,300000.0,True
175,0.42599907517433167,1.3888226249036961e-06,300000.0,True
176,0.4161989688873291,1.3780171457256074e-06,300000.0,True
177,0.40239086747169495,1.3671057104147621e-06,300000.0,True
178,0.4794662296772003,1.3533717719838023e-06,300000.0,True
179,0.5161755681037903,1.3514551255866536e-06,300000.0,True
180,0.5471764802932739,1.342871200904483e-06,300000.0,True
181,0.3830265402793884,1.3637397842103383e-06,300000.0,True
182,0.44909006357192993,1.3691985714103794e-06,300000.0,True
183,0.4896767735481262,1.3904667639508261e-06,300000.0,True
184,0.33341532945632935,1.4030615602678154e-06,300000.0,True
185,0.37042027711868286,1.4111388964010985e-06,300000.0,True
186,0.5193765163421631,1.4126928817859152e-06,300000.0,True
187,0.3629527986049652,1.4081308563618222e-06,300000.0,True
188,0.484600305557251,1.3961317790744943e-06,300000.0,True
189,0.3374069333076477,1.3975974297864013e-06,300000.0,True
190,0.3007034361362457,1.4694908259116346e-06,300000.0,True
191,0.37681978940963745,1.5542161690973444e-06,300000.0,True
192,0.49223843216896057,1.592230887581536e-06,300000.0,True
193,0.34812691807746887,1.607691046956461e-06,300000.0,True
194,0.3759777247905731,1.5925346588119282e-06,300000.0,True
195,0.5025193095207214,1.6222152225964237e-06,300000.0,True
196,0.48980772495269775,1.6499831190230907e-06,300000.0,True
197,0.3604298233985901,1.674017880759493e-06,300000.0,True
198,0.4561181664466858,1.6642001128275297e-06,300000.0,True
199,0.6317734122276306,1.6603202084297664e-06,300000.0,True
200,0.5037901997566223,1.640323148421885e-06,300000.0,True
201,0.5481722354888916,1.6186941138585098e-06,300000.0,True
202,0.31836479902267456,1.5896849845375982e-06,300000.0,True
203,0.5139526128768921,1.5633308976248372e-06,300000.0,True
204,0.4700247049331665,1.5326420452765888e-06,300000.0,True
205,0.3290746212005615,1.5212773405437474e-06,300000.0,True
206,0.5677675008773804,1.5072572523422423e-06,300000.0,True
207,0.40951675176620483,1.5213855704132584e-06,300000.0,True
208,0.5506399869918823,1.5416555925185094e-06,300000.0,True
209,0.34084200859069824,1.5482764865737408e-06,300000.0,True
210,0.47640442848205566,1.545244572298543e-06,300000.0,True
211,0.45682841539382935,1.541527126391884e-06,300000.0,True
212,0.4006870985031128,1.548832642583875e-06,300000.0,True
213,0.5168724656105042,1.5634719829904498e-06,300000.0,True
214,0.28385981917381287,1.5682586536058807e-06,300000.0,True
215,0.37783098220825195,1.5680004707974149e-06,300000.0,True
216,0.2861081063747406,1.5635032468708232e-06,300000.0,True
217,0.4540421962738037,1.5685018297517672e-06,300000.0,True
218,0.2410150170326233,1.5664940065107658e-06,300000.0,True
219,0.6419018507003784,1.565475827192131e-06,300000.0,True
220,0.3691744804382324,1.5555370964648318e-06,300000.0,True
221,0.2367299348115921,1.554333948661224e-06,300000.0,True
222,0.49751681089401245,1.5434633269251208e-06,300000.0,True
223,0.5618777871131897,1.5278974387911148e-06,300000.0,True
224,0.33786994218826294,1.5333849887610995e-06,300000.0,True
225,0.22508278489112854,1.5226471532514552e-06,300000.0,True
226,0.357750803232193,1.5263080967997666e-06,300000.0,True
227,0.45423009991645813,1.5133900888031349e-06,300000.0,True
228,0.39969417452812195,1.5018425756352372e-06,300000.0,True
229,0.465712308883667,1.4878152114761178e-06,300000.0,True
230,0.36378878355026245,1.4922972013664548e-06,300000.0,True
231,0.28803616762161255,1.51034305417852e-06,300000.0,True
232,0.3963344395160675,1.5434409306180896e-06,300000.0,True
233,0.3592720031738281,1.5518753571086563e-06,300000.0,True
234,0.29743456840515137,1.555948301756871e-06,300000.0,True
235,0.5597429871559143,1.5418498833241756e-06,300000.0,True
236,0.3672856092453003,1.5359447615992394e-06,300000.0,True
237,0.2959863543510437,1.5180295349637163e-06,300000.0,True
238,0.5297247767448425,1.512591211394465e-06,300000.0,True
239,0.5647011995315552,1.5150845911193755e-06,300000.0,True
240,0.49794429540634155,1.515975100119249e-06,300000.0,True
241,0.5644148588180542,1.5280181742127752e-06,300000.0,True
242,0.4511175751686096,1.6238716398220276e-06,300000.0,True
243,0.4644232392311096,1.7179962696900475e-06,300000.0,True
244,0.298534631729126,1.9022040760319214e-06,300000.0,True
245,0.5464953780174255,2.0775319171661977e-06,300000.0,True
246,0.5182399153709412,2.168486162190675e-06,300000.0,True
247,0.43566709756851196,2.1876646769669605e-06,300000.0,True
248,0.347962349653244,2.1718028619943652e-06,300000.0,True
249,0.33523494005203247,2.121245415764861e-06,300000.0,True
250,0.3531358242034912,2.0758261598530225e-06,300000.0,True
251,0.4361743628978729,2.011287051573163e-06,300000.0,True
252,0.28973066806793213,2.1159892185096396e-06,300000.0,True
253,0.32478174567222595,2.274415237479843e-06,300000.0,True
254,0.3273285925388336,2.3302600311581045e-06,300000.0,True
255,0.22022466361522675,2.342431571378256e-06,300000.0,True
256,0.2988657057285309,2.319059603905771e-06,300000.0,True
257,0.2571050822734833,2.2588562842429383e-06,300000.0,True
258,0.20697277784347534,2.176933094233391e-06,300000.0,True
259,0.28269368410110474,2.092996737701469e-06,300000.0,True
260,0.24306611716747284,1.9992166926385835e-06,300000.0,True
261,0.24358923733234406,1.9159774637955707e-06,300000.0,True
262,0.3498460054397583,1.8394924836684368e-06,300000.0,True
263,0.2608624994754791,1.7793728375181672e-06,300000.0,True
264,0.3501865267753601,1.7148230426755617e-06,300000.0,True
265,0.21352899074554443,1.6616584161965875e-06,300000.0,True
266,0.3418358564376831,1.6058587561929016e-06,300000.0,True
267,0.3040803074836731,1.5760673477416276e-06,300000.0,True
268,0.2249162346124649,1.5542826758974115e-06,300000.0,True
269,0.3696325719356537,1.5275052192009753e-06,300000.0,True
270,0.24527029693126678,1.504227952864312e-06,300000.0,True
271,0.238712340593338,1.5023689456938882e-06,300000.0,True
272,0.36913299560546875,1.491396233177511e-06,300000.0,True
273,0.27272099256515503,1.4777725709791412e-06,300000.0,True
274,0.2461976408958435,1.4598882671634783e-06,300000.0,True
275,0.23844170570373535,1.5192681530606933e-06,300000.0,True
276,0.2669171392917633,1.6203878203668864e-06,300000.0,True
277,0.3099730610847473,1.6880994735402055e-06,300000.0,True
278,0.20055553317070007,1.7218577568200999e-06,300000.0,True
279,0.23332372307777405,1.7207188420798047e-06,300000.0,True
280,0.4082973301410675,1.7128013496403582e-06,300000.0,True
281,0.1980757862329483,1.6844543324623373e-06,300000.0,True
282,0.3227808475494385,1.6507656255271286e-06,300000.0,True
283,0.3320744037628174,1.6205518704737187e-06,300000.0,True
284,0.39436212182044983,1.6034722420954495e-06,300000.0,True
285,0.38041412830352783,1.6275099596896325e-06,300000.0,True
286,0.34975045919418335,1.6348272993127466e-06,300000.0,True
287,0.3176959455013275,1.6367768012059969e-06,300000.0,True
288,0.20095090568065643,1.635880380490562e-06,300000.0,True
289,0.3364880084991455,1.6044511994550703e-06,300000.0,True
290,0.3272741436958313,1.601449298505031e-06,300000.0,True
291,0.32265815138816833,1.5940994444463286e-06,300000.0,True
292,0.31787553429603577,1.5886510027485201e-06,300000.0,True
293,0.36014223098754883,1.5679783018640592e-06,300000.0,True
294,0.20897534489631653,1.552907860968844e-06,300000.0,True
295,0.24304860830307007,1.5251223430823302e-06,300000.0,True
296,0.3705233335494995,1.5185656820904114e-06,300000.0,True
297,0.295816034078598,1.5140509503908106e-06,300000.0,True
298,0.3360234200954437,1.5108212210179772e-06,300000.0,True
299,0.36760571599006653,1.5003813587100012e-06,300000.0,True
300,0.4475262463092804,1.4940218306946917e-06,300000.0,True
301,0.1634538173675537,1.4803875956204138e-06,300000.0,True
302,0.3397488296031952,1.4758943507331423e-06,300000.0,True
303,0.27886706590652466,1.4628179769715643e-06,300000.0,True
304,0.26455026865005493,1.4751780099686584e-06,300000.0,True
305,0.22515134513378143,1.4990450836194213e-06,300000.0,True
306,0.3643839955329895,1.5131647614907706e-06,300000.0,True
307,0.3421138525009155,1.5112422033780604e-06,300000.0,True
308,0.3852781355381012,1.503171915828716e-06,300000.0,True
309,0.34522685408592224,1.4828832490820787e-06,300000.0,True
310,0.4032372236251831,1.467258471166133e-06,300000.0,True
311,0.4014620780944824,1.4496893072646344e-06,300000.0,True
312,0.45067617297172546,1.4324386938824318e-06,300000.0,True
313,0.27393534779548645,1.42789906476537e-06,300000.0,True
314,0.3876206874847412,1.432555791325285e-06,300000.0,True
315,0.3918547034263611,1.4569437780664884e-06,300000.0,True
316,0.3796616494655609,1.4994031971582444e-06,300000.0,True
317,0.2306673675775528,1.535050614620559e-06,300000.0,True
318,0.4011823832988739,1.5613669575031963e-06,300000.0,True
319,0.2417547106742859,1.5771429389133118e-06,300000.0,True
320,0.2336467057466507,1.5685757261962863e-06,300000.0,True
321,0.28262248635292053,1.5596243656545994e-06,300000.0,True
322,0.29268643260002136,1.557286509523692e-06,300000.0,True
323,0.28497761487960815,1.5535047168668825e-06,300000.0,True
324,0.30755850672721863,1.5490820715058362e-06,300000.0,True
325,0.284617155790329,1.541268147775554e-06,300000.0,True
326,0.3314599394798279,1.5346018926720717e-06,300000.0,True
327,0.3041810095310211,1.5246381508404738e-06,300000.0,True
328,0.44838348031044006,1.5172780649663764e-06,300000.0,True
329,0.21013948321342468,1.5026664641482057e-06,300000.0,True
330,0.24180375039577484,1.4982465472712647e-06,300000.0,True
331,0.14692836999893188,1.4872111933073029e-06,300000.0,True
332,0.2778365910053253,1.4922254649718525e-06,300000.0,True
333,0.25137650966644287,1.5184758694886114e-06,300000.0,True
334,0.2682148516178131,1.55669931700686e-06,300000.0,True
335,0.3042720854282379,1.5831989230719046e-06,300000.0,True
336,0.3204946517944336,1.5959660686348798e-06,300000.0,True
337,0.26382705569267273,1.5959165011736332e-06,300000.0,True
338,0.3586401343345642,1.5813953950782889e-06,300000.0,True
339,0.3688078224658966,1.5594326896462007e-06,300000.0,True
340,0.2920697331428528,1.54852102696168e-06,300000.0,True
341,0.35970544815063477,1.5515952327405103e-06,300000.0,True
342,0.2702275812625885,1.5760446103740833e-06,300000.0,True
343,0.23697617650032043,1.5921669955787365e-06,300000.0,True
344,0.3761196732521057,1.6019664599298267e-06,300000.0,True
345,0.35069170594215393,1.599202391844301e-06,300000.0,True
346,0.361526757478714,1.6013752883736743e-06,300000.0,True
347,0.36467358469963074,1.5904190604487667e-06,300000.0,True
348,0.2678969204425812,1.5832958979444811e-06,300000.0,True
349,0.287716269493103,1.5705472833360545e-06,300000.0,True
350,0.2586826682090759,1.5489872566831764e-06,300000.0,True
351,0.4510456919670105,1.5221753528749105e-06,300000.0,True
352,0.3422597050666809,1.5158234418777283e-06,300000.0,True
353,0.49051710963249207,1.5197891798379715e-06,300000.0,True
354,0.24355962872505188,1.516317297500791e-06,300000.0,True
355,0.48198994994163513,1.5224941307678819e-06,300000.0,True
356,0.42851221561431885,1.5176065062405542e-06,300000.0,True
357,0.4094317853450775,1.5449535339939757e-06,300000.0,True
358,0.3887433707714081,1.5711732430645498e-06,300000.0,True
359,0.3924654424190521,1.5980604075593874e-06,300000.0,True
360,0.3325407803058624,1.6085763263617991e-06,300000.0,True
361,0.3289690911769867,1.6136568774527404e-06,300000.0,True
362,0.33974769711494446,1.6081355624919524e-06,300000.0,True
363,0.39429613947868347,1.6063725070125656e-06,300000.0,True
364,0.3481242060661316,1.5943854805300361e-06,300000.0,True
365,0.37777549028396606,1.5832408735150238e-06,300000.0,True
366,0.4060966968536377,1.5682689991081133e-06,300000.0,True
367,0.42327430844306946,1.5568922435704735e-06,300000.0,True
368,0.2656779885292053,1.5434213764820015e-06,300000.0,True
369,0.23991607129573822,1.5338966932176845e-06,300000.0,True
370,0.4734405279159546,1.5133707620407222e-06,300000.0,True
371,0.33199819922447205,1.5075690953381127e-06,300000.0,True
372,0.3969235420227051,1.524358367532841e-06,300000.0,True
373,0.3759465217590332,1.5538114439550554e-06,300000.0,True
374,0.3008517324924469,1.5739976788609056e-06,300000.0,True
375,0.42675596475601196,1.5954140053509036e-06,300000.0,True
376,0.24128055572509766,1.6068523791545886e-06,300000.0,True
377,0.3191881775856018,1.618484134269238e-06,300000.0,True
378,0.2902427613735199,1.610992740097572e-06,300000.0,True
379,0.3801209330558777,1.6044342601162498e-06,300000.0,True
380,0.3305915296077728,1.5898505125733209e-06,300000.0,True
381,0.34428006410598755,1.5813401432751562e-06,300000.0,True
382,0.42680561542510986,1.5673365396651207e-06,300000.0,True
383,0.41526883840560913,1.5585446817567572e-06,300000.0,True
384,0.2767241299152374,1.5726262745374697e-06,300000.0,True
385,0.335332989692688,1.5983931689333986e-06,300000.0,True
386,0.24390484392642975,1.6229050743277185e-06,300000.0,True
387,0.4262017011642456,1.6455047671115608e-06,300000.0,True
388,0.3717505931854248,1.6702454104233766e-06,300000.0,True
389,0.3966052532196045,1.6869705632416299e-06,300000.0,True
390,0.28218942880630493,1.7004716710289358e-06,300000.0,True
391,0.2523643970489502,1.6923161183513002e-06,300000.0,True
392,0.29378455877304077,1.6873610775292036e-06,300000.0,True
393,0.29432371258735657,1.6668384432705352e-06,300000.0,True
394,0.26511117815971375,1.6523021031389362e-06,300000.0,True
395,0.2648484706878662,1.6241419871221296e-06,300000.0,True
396,0.31537672877311707,1.608074057912745e-06,300000.0,True
397,0.29630231857299805,1.5840008700251929e-06,300000.0,True
398,0.2998732924461365,1.5648390672140522e-06,300000.0,True
399,0.29103708267211914,1.5542323126283009e-06,300000.0,True
400,0.37376272678375244,1.541406618343899e-06,300000.0,True
401,0.45272836089134216,1.535157593934855e-06,300000.0,True
402,0.35886532068252563,1.5274877114279661e-06,300000.0,True
403,0.3157167136669159,1.5254365735017927e-06,300000.0,True
404,0.39034950733184814,1.5172497569437837e-06,300000.0,True
405,0.21379928290843964,1.5312663208533195e-06,300000.0,True
406,0.2736673653125763,1.539532149763545e-06,300000.0,True
407,0.3214542865753174,1.5412838365591597e-06,300000.0,True
408,0.26631829142570496,1.5370922028523637e-06,300000.0,True
409,0.24372437596321106,1.5285968402167782e-06,300000.0,True
410,0.27104365825653076,1.5229217069645529e-06,300000.0,True
411,0.29847055673599243,1.5188176121228025e-06,300000.0,True
412,0.32690438628196716,1.5158608448473387e-06,300000.0,True
413,0.3178384304046631,1.5148566490097437e-06,300000.0,True
414,0.3231903612613678,1.5146891882977798e-06,300000.0,True
415,0.3264497220516205,1.5134650084291934e-06,300000.0,True
416,0.3477811813354492,1.5241057553794235e-06,300000.0,True
417,0.36598631739616394,1.5383088793896604e-06,300000.0,True
418,0.31817367672920227,1.5531226154053002e-06,300000.0,True
419,0.29958951473236084,1.5720374904049095e-06,300000.0,True
420,0.5040691494941711,1.5864966371736955e-06,300000.0,True
421,0.29068857431411743,1.597640789441357e-06,300000.0,True
422,0.354712575674057,1.5996633919712622e-06,300000.0,True
423,0.20561477541923523,1.5961558119670372e-06,300000.0,True
424,0.43097344040870667,1.5770655181768234e-06,300000.0,True
425,0.3361752927303314,1.5693179875597707e-06,300000.0,True
426,0.34999534487724304,1.5536550108663505e-06,300000.0,True
427,0.6051133275032043,1.5412962284244713e-06,300000.0,True
428,0.47421514987945557,1.535123260509863e-06,300000.0,True
429,0.39774197340011597,1.5231083807520918e-06,300000.0,True
430,0.3544808030128479,1.5124422816370497e-06,300000.0,True
431,0.32709014415740967,1.5127347978705075e-06,300000.0,True
432,0.2915983498096466,1.5145810721151065e-06,300000.0,True
433,0.4366445243358612,1.5161175497269141e-06,300000.0,True
434,0.25009724497795105,1.5124928722798359e-06,300000.0,True
435,0.40023985505104065,1.507032379777229e-06,300000.0,True
436,0.4765435457229614,1.503775138189667e-06,300000.0,True
437,0.23362775146961212,1.5011409004728193e-06,300000.0,True
438,0.45114070177078247,1.50414223298867e-06,300000.0,True
439,0.2577386796474457,1.5041633787404862e-06,300000.0,True
440,0.3447912931442261,1.4966996104703867e-06,300000.0,True
441,0.23729106783866882,1.4857703263260191e-06,300000.0,True
442,0.41905227303504944,1.4746198075954453e-06,300000.0,True
443,0.31071650981903076,1.5203705743260798e-06,300000.0,True
444,0.4850870668888092,1.5915517224129871e-06,300000.0,True
445,0.2626323997974396,1.6563247982048779e-06,300000.0,True
446,0.3928016126155853,1.6816273955555516e-06,300000.0,True
447,0.32216280698776245,1.7087276091842796e-06,300000.0,True
448,0.2872282564640045,1.7203791458086926e-06,300000.0,True
449,0.27423033118247986,1.7627543229536968e-06,300000.0,True
450,0.2849625051021576,1.8357236513111275e-06,300000.0,True
451,0.33741894364356995,1.8604242768560653e-06,300000.0,True
452,0.4062444567680359,1.879851083685935e-06,300000.0,True
453,0.3157508373260498,1.876002897915896e-06,300000.0,True
454,0.2652072012424469,1.854721745075949e-06,300000.0,True
455,0.3141002058982849,1.8184855434810743e-06,300000.0,True
456,0.2569522559642792,1.7741899682732765e-06,300000.0,True
457,0.25027957558631897,1.7283434772252804e-06,300000.0,True
458,0.4335784912109375,1.6771690525274607e-06,300000.0,True
459,0.3423638343811035,1.6410076568718068e-06,300000.0,True
460,0.2924996018409729,1.5994487512216438e-06,300000.0,True
461,0.24932746589183807,1.5765548369017779e-06,300000.0,True
462,0.4166387617588043,1.5485375115531497e-06,300000.0,True
463,0.22774310410022736,1.5276501699190703e-06,300000.0,True
464,0.34133684635162354,1.5028734878796968e-06,300000.0,True
465,0.43055951595306396,1.4804804777668323e-06,300000.0,True
466,0.3923548460006714,1.4740577398697496e-06,300000.0,True
467,0.5072672963142395,1.4717788872076198e-06,300000.0,True
468,0.4718077480792999,1.4920600506229675e-06,300000.0,True
469,0.24760858714580536,1.5117918792384444e-06,300000.0,True
470,0.3487188518047333,1.5281144669643254e-06,300000.0,True
471,0.2800578474998474,1.5278307046173722e-06,300000.0,True
472,0.30735164880752563,1.5203056591417408e-06,300000.0,True
473,0.4563997983932495,1.5106221553651267e-06,300000.0,True
474,0.3711926341056824,1.4914546682121e-06,300000.0,True
475,0.27134037017822266,1.478139779464982e-06,300000.0,True
476,0.306266725063324,1.4578430409528664e-06,300000.0,True
477,0.2953292727470398,1.4416722251553438e-06,300000.0,True
478,0.4852037727832794,1.4265463050833205e-06,300000.0,True
479,0.3858083188533783,1.4109106132309535e-06,300000.0,True
480,0.2878115177154541,1.4048703178559663e-06,300000.0,True
481,0.2779746353626251,1.3921707022745977e-06,300000.0,True
482,0.3065086305141449,1.3970633290227852e-06,300000.0,True
483,0.29748445749282837,1.4026734334038338e-06,300000.0,True
484,0.3104861378669739,1.4049630863155471e-06,300000.0,True
485,0.3005234897136688,1.410486106578901e-06,300000.0,True
486,0.2926313281059265,1.4108628647591104e-06,300000.0,True
487,0.40056324005126953,1.4158554222376551e-06,300000.0,True
488,0.25758373737335205,1.4157577652440523e-06,300000.0,True
489,0.3109959363937378,1.4124444760454935e-06,300000.0,True
490,0.3510405719280243,1.406431238137884e-06,300000.0,True
491,0.3345356285572052,1.3958515410195105e-06,300000.0,True
492,0.1817483752965927,1.3949231743026758e-06,300000.0,True
493,0.3928312063217163,1.3829776435159147e-06,300000.0,True
494,0.32134294509887695,1.3795543054584414e-06,300000.0,True
495,0.4644995927810669,1.4045725720279734e-06,300000.0,True
496,0.26652079820632935,1.4318103467303445e-06,300000.0,True
497,0.35995516180992126,1.4517254385282286e-06,300000.0,True
498,0.38282033801078796,1.4496806670649676e-06,300000.0,True
499,0.2556714713573456,1.4472160501100007e-06,300000.0,True
500,0.33933186531066895,1.4300599104899447e-06,300000.0,True
501,0.28402629494667053,1.4135133596937521e-06,300000.0,True
502,0.38922691345214844,1.4068407381273573e-06,300000.0,True
503,0.2792624235153198,1.4439646065511624e-06,300000.0,True
504,0.22405444085597992,1.496169829806604e-06,300000.0,True
505,0.24016188085079193,1.5407839555336977e-06,300000.0,True
506,0.22387127578258514,1.5656970617783372e-06,300000.0,True
507,0.2344999611377716,1.5825460195628693e-06,300000.0,True
508,0.17604631185531616,1.5687070344938547e-06,300000.0,True
509,0.27256861329078674,1.5607689647367806e-06,300000.0,True
510,0.168199360370636,1.541003143756825e-06,300000.0,True
511,0.192369282245636,1.5171553968684748e-06,300000.0,True
512,0.2565627992153168,1.4887046972944518e-06,300000.0,True
513,0.1888124644756317,1.4626492657043855e-06,300000.0,True
514,0.23891378939151764,1.4315655789687298e-06,300000.0,True
515,0.26874247193336487,1.424482093170809e-06,300000.0,True
516,0.248771071434021,1.4193317383615067e-06,300000.0,True
517,0.3446942865848541,1.4217305306374328e-06,300000.0,True
518,0.4018866717815399,1.4197177051755716e-06,300000.0,True
519,0.20305225253105164,1.4334478919408866e-06,300000.0,True
520,0.23534178733825684,1.4637877256973297e-06,300000.0,True
521,0.16267730295658112,1.496076265539159e-06,300000.0,True
522,0.25146666169166565,1.5245730082824593e-06,300000.0,True
523,0.2160923331975937,1.5307922467400203e-06,300000.0,True
524,0.22227758169174194,1.5272979680958088e-06,300000.0,True
525,0.21327443420886993,1.5129381836231914e-06,300000.0,True
526,0.248018279671669,1.4975752264945186e-06,300000.0,True
527,0.16790896654129028,1.4831146017968422e-06,300000.0,True
528,0.278390109539032,1.4591571471100906e-06,300000.0,True
529,0.23960939049720764,1.434667979083315e-06,300000.0,True
530,0.2732031047344208,1.4138084907244775e-06,300000.0,True
531,0.20969292521476746,1.3909534573031124e-06,300000.0,True
532,0.19726882874965668,1.3755701502304873e-06,300000.0,True
533,0.22484885156154633,1.3643464171764208e-06,300000.0,True
534,0.2949773073196411,1.3509303471437306e-06,300000.0,True
535,0.3530747890472412,1.3461321941576898e-06,300000.0,True
536,0.21537339687347412,1.342848690910614e-06,300000.0,True
537,0.19559913873672485,1.339188429483329e-06,300000.0,True
538,0.3262096643447876,1.3367875908443239e-06,300000.0,True
539,0.19483914971351624,1.329471388089587e-06,300000.0,True
540,0.1433500349521637,1.3688731996808201e-06,300000.0,True
541,0.2682756185531616,1.4310617189039476e-06,300000.0,True
542,0.16484661400318146,1.455889901080809e-06,300000.0,True
543,0.27100786566734314,1.475143108109478e-06,300000.0,True
544,0.2098153978586197,1.4747505474588252e-06,300000.0,True
545,0.22589929401874542,1.467459810555738e-06,300000.0,True
546,0.29501795768737793,1.4591405488317832e-06,300000.0,True
547,0.21317125856876373,1.4464503692579456e-06,300000.0,True
548,0.17858774960041046,1.4366944469657028e-06,300000.0,True
549,0.31332018971443176,1.4267203596318723e-06,300000.0,True
550,0.24779285490512848,1.4112524695519824e-06,300000.0,True
551,0.2618221938610077,1.3940112921773107e-06,300000.0,True
552,0.2479395717382431,1.380008143314626e-06,300000.0,True
553,0.25319862365722656,1.3646711067849537e-06,300000.0,True
554,0.2197694182395935,1.3486749139701715e-06,300000.0,True
555,0.22256891429424286,1.3321945289135328e-06,300000.0,True
556,0.2200867235660553,1.316437078457966e-06,300000.0,True
557,0.19536592066287994,1.2997680869375472e-06,300000.0,True
558,0.26427340507507324,1.2871696526417509e-06,300000.0,True
559,0.37123212218284607,1.2780521956301527e-06,300000.0,True
560,0.34989607334136963,1.27126520510501e-06,300000.0,True
561,0.20952208340168,1.273117618438846e-06,300000.0,True
562,0.29838570952415466,1.2787727428076323e-06,300000.0,True
563,0.23155316710472107,1.2907713653476094e-06,300000.0,True
564,0.172387957572937,1.2952998531545745e-06,300000.0,True
565,0.25166556239128113,1.301244083151687e-06,300000.0,True
566,0.20623305439949036,1.3021439144722535e-06,300000.0,True
567,0.249092698097229,1.3041343436270836e-06,300000.0,True
568,0.34421321749687195,1.310459197156888e-06,300000.0,True
569,0.21924330294132233,1.3169870953788632e-06,300000.0,True
570,0.251685231924057,1.3226209603089956e-06,300000.0,True
571,0.23866277933120728,1.3278605592859094e-06,300000.0,True
572,0.3888125419616699,1.3536833876059973e-06,300000.0,True
573,0.23727504909038544,1.3909905192122096e-06,300000.0,True
574,0.23348358273506165,1.4336687854665797e-06,300000.0,True
575,0.22866082191467285,1.452033188797941e-06,300000.0,True
576,0.26394587755203247,1.4564483308276976e-06,300000.0,True
577,0.27864670753479004,1.4498363043458085e-06,300000.0,True
578,0.18923182785511017,1.444182430532237e-06,300000.0,True
579,0.24583791196346283,1.435181275155628e-06,300000.0,True
580,0.19274891912937164,1.4294344055088004e-06,300000.0,True
581,0.18826887011528015,1.4239271877158899e-06,300000.0,True
582,0.2717195749282837,1.4094397329245112e-06,300000.0,True
583,0.20035193860530853,1.3976156196804368e-06,300000.0,True
584,0.12090989947319031,1.3817190165354987e-06,300000.0,True
585,0.26309895515441895,1.3752336371908314e-06,300000.0,True
586,0.3193628489971161,1.381811557621404e-06,300000.0,True
587,0.3021524250507355,1.3973346995044267e-06,300000.0,True
588,0.34019699692726135,1.408662683388684e-06,300000.0,True
589,0.18633811175823212,1.415617816746817e-06,300000.0,True
590,0.20607133209705353,1.4341194400913082e-06,300000.0,True
591,0.23145444691181183,1.4401078942682943e-06,300000.0,True
592,0.2061486691236496,1.4633775435868301e-06,300000.0,True
593,0.25582578778266907,1.4740821825398598e-06,300000.0,True
594,0.2954463064670563,1.479899083278724e-06,300000.0,True
595,0.30419862270355225,1.4728747146364185e-06,300000.0,True
596,0.20019415020942688,1.4605572005166323e-06,300000.0,True
597,0.3720148205757141,1.4380917718881392e-06,300000.0,True
598,0.23185892403125763,1.4181798633217113e-06,300000.0,True
599,0.25594788789749146,1.3943063095211983e-06,300000.0,True
600,0.13296961784362793,1.376104023620428e-06,300000.0,True
601,0.23376178741455078,1.3613954479296808e-06,300000.0,True
602,0.18058514595031738,1.3507531093637226e-06,300000.0,True
603,0.32560139894485474,1.3475653304340085e-06,300000.0,True
604,0.22555206716060638,1.3486491070580087e-06,300000.0,True
605,0.4936147630214691,1.3424654525806545e-06,300000.0,True
606,0.26142603158950806,1.3378597714108764e-06,300000.0,True
607,0.19204890727996826,1.3360677257878706e-06,300000.0,True
608,0.2570909857749939,1.3330497949937126e-06,300000.0,True
609,0.20683181285858154,1.3306053006090224e-06,300000.0,True
610,0.25781261920928955,1.3243090961623238e-06,300000.0,True
611,0.2790176570415497,1.3174726518627722e-06,300000.0,True
612,0.2636939585208893,1.3090660786474473e-06,300000.0,True
613,0.24906817078590393,1.3013770967518212e-06,300000.0,True
614,0.2551766633987427,1.2929079957757494e-06,300000.0,True
615,0.3908963203430176,1.2844129742006771e-06,300000.0,True
616,0.23761165142059326,1.2772849231623695e-06,300000.0,True
617,0.29776328802108765,1.272000645258231e-06,300000.0,True
618,0.2507932782173157,1.2752453812936437e-06,300000.0,True
619,0.18924546241760254,1.2705817198366276e-06,300000.0,True
620,0.38012099266052246,1.2715515822492307e-06,300000.0,True
621,0.2723720669746399,1.2701701734840753e-06,300000.0,True
622,0.23492074012756348,1.2710094097201363e-06,300000.0,True
623,0.36249157786369324,1.2710489727396634e-06,300000.0,True
624,0.3210531175136566,1.2738297527903342e-06,300000.0,True
625,0.23834766447544098,1.2707280347967753e-06,300000.0,True
626,0.3572554290294647,1.268831624656741e-06,300000.0,True
627,0.2471170872449875,1.2692313475781702e-06,300000.0,True
628,0.31452009081840515,1.2876250821136637e-06,300000.0,True
629,0.27421244978904724,1.3092819699522806e-06,300000.0,True
630,0.26036396622657776,1.3255953490443062e-06,300000.0,True
631,0.31539395451545715,1.3419379456536262e-06,300000.0,True
632,0.305762380361557,1.3558227465182426e-06,300000.0,True
633,0.305424302816391,1.3638839391205693e-06,300000.0,True
634,0.3887269198894501,1.369315100419044e-06,300000.0,True
635,0.2201395183801651,1.3735702850681264e-06,300000.0,True
636,0.14802704751491547,1.3705230230698362e-06,300000.0,True
637,0.24228638410568237,1.3695009783987189e-06,300000.0,True
638,0.27371883392333984,1.3697457461603335e-06,300000.0,True
639,0.1805690973997116,1.3619604715131572e-06,300000.0,True
640,0.22643540799617767,1.3627161479234928e-06,300000.0,True
641,0.2145094871520996,1.3841007557857665e-06,300000.0,True
642,0.22381556034088135,1.4068805285205599e-06,300000.0,True
643,0.27153751254081726,1.4218040860214387e-06,300000.0,True
644,0.3159385621547699,1.424456854692835e-06,300000.0,True
645,0.28781211376190186,1.4216988120097085e-06,300000.0,True
646,0.21969538927078247,1.414017333445372e-06,300000.0,True
647,0.31226208806037903,1.4030307511347928e-06,300000.0,True
648,0.32617998123168945,1.3932358342572115e-06,300000.0,True
649,0.28034958243370056,1.380078856527689e-06,300000.0,True
650,0.26821112632751465,1.3780261269857874e-06,300000.0,True
651,0.2027757316827774,1.3720381275561522e-06,300000.0,True
652,0.3046537935733795,1.367894356008037e-06,300000.0,True
653,0.4512312412261963,1.3612900602311129e-06,300000.0,True
654,0.30115652084350586,1.3537776339944685e-06,300000.0,True
655,0.1815173476934433,1.342523660241568e-06,300000.0,True
656,0.16555871069431305,1.3283024600241333e-06,300000.0,True
657,0.3945676386356354,1.315351141784049e-06,300000.0,True
658,0.31506937742233276,1.3066468227407313e-06,300000.0,True
659,0.18591104447841644,1.2942584817210445e-06,300000.0,True
660,0.19601769745349884,1.284899781239801e-06,300000.0,True
661,0.3124404549598694,1.2747432265314274e-06,300000.0,True
662,0.27449846267700195,1.2683491377174505e-06,300000.0,True
663,0.29975011944770813,1.276109401260328e-06,300000.0,True
664,0.1941816657781601,1.287409304495668e-06,300000.0,True
665,0.35041940212249756,1.3075999731881893e-06,300000.0,True
666,0.14961153268814087,1.3198508668210707e-06,300000.0,True
667,0.23141807317733765,1.3306571418070234e-06,300000.0,True
668,0.3116522431373596,1.3270173440105282e-06,300000.0,True
669,0.34445178508758545,1.3255630619823933e-06,300000.0,True
670,0.32511866092681885,1.318249474024924e-06,300000.0,True
671,0.15775491297245026,1.3187348031351576e-06,300000.0,True
672,0.3611578345298767,1.3217263585829642e-06,300000.0,True
673,0.3670397102832794,1.321042759627744e-06,300000.0,True
674,0.19680030643939972,1.3257231330499053e-06,300000.0,True
675,0.21991601586341858,1.3511472616301035e-06,300000.0,True
676,0.2364450842142105,1.3781971119897207e-06,300000.0,True
677,0.18383751809597015,1.4015358829055913e-06,300000.0,True
678,0.24056072533130646,1.4141658084554365e-06,300000.0,True
679,0.35320761799812317,1.409752258041408e-06,300000.0,True
680,0.24973279237747192,1.3961291642772267e-06,300000.0,True
681,0.3003259003162384,1.3810456493956735e-06,300000.0,True
682,0.26542147994041443,1.3606111224362394e-06,300000.0,True
683,0.27197664976119995,1.3506611367120058e-06,300000.0,True
684,0.3842560350894928,1.3387729040914564e-06,300000.0,True
685,0.22585603594779968,1.329995711785159e-06,300000.0,True
686,0.2757839560508728,1.3250789834273746e-06,300000.0,True
687,0.16424840688705444,1.3168124723961228e-06,300000.0,True
688,0.20211277902126312,1.3083583780826302e-06,300000.0,True
689,0.3391234874725342,1.2992969686820288e-06,300000.0,True
690,0.22440044581890106,1.2896945236207102e-06,300000.0,True
691,0.2759958803653717,1.274595092581876e-06,300000.0,True
692,0.3083532154560089,1.2592849998327438e-06,300000.0,True
693,0.3630203306674957,1.2642881301871967e-06,300000.0,True
694,0.19961965084075928,1.2737448287225561e-06,300000.0,True
695,0.3048904836177826,1.2955923693880322e-06,300000.0,True
696,0.2606333792209625,1.3126519888828625e-06,300000.0,True
697,0.25297096371650696,1.327768018200004e-06,300000.0,True
698,0.31470581889152527,1.3312434248291538e-06,300000.0,True
699,0.2807573676109314,1.3342017837203457e-06,300000.0,True
700,0.36546334624290466,1.3285657587402966e-06,300000.0,True
701,0.20609384775161743,1.323847982348525e-06,300000.0,True
702,0.17605584859848022,1.3137996575096622e-06,300000.0,True
703,0.2906618118286133,1.301777388107439e-06,300000.0,True
704,0.2633863389492035,1.2880879012300284e-06,300000.0,True
705,0.28311020135879517,1.2753221199091058e-06,300000.0,True
706,0.300261914730072,1.2625966974155745e-06,300000.0,True
707,0.16238607466220856,1.2514584568634746e-06,300000.0,True
708,0.2398093342781067,1.2420617849784321e-06,300000.0,True
709,0.16497695446014404,1.2330907566138194e-06,300000.0,True
710,0.3148617744445801,1.226738959303475e-06,300000.0,True
711,0.34141647815704346,1.2186625326648937e-06,300000.0,True
712,0.27339187264442444,1.210141931551334e-06,300000.0,True
713,0.24268421530723572,1.2006149745502626e-06,300000.0,True
714,0.2752770781517029,1.1953590046687168e-06,300000.0,True
715,0.21829809248447418,1.1902453707079985e-06,300000.0,True
716,0.29254060983657837,1.184924371955276e-06,300000.0,True
717,0.33460816740989685,1.1909739896509564e-06,300000.0,True
718,0.2363123595714569,1.198657400891534e-06,300000.0,True
719,0.2281525880098343,1.2033773373332224e-06,300000.0,True
720,0.21390682458877563,1.2034112160108634e-06,300000.0,True
721,0.2908048927783966,1.2022782129861298e-06,300000.0,True
722,0.25700366497039795,1.1969052593485685e-06,300000.0,True
723,0.16742610931396484,1.1930893606404425e-06,300000.0,True
724,0.29493948817253113,1.1900979188794736e-06,300000.0,True
725,0.1278955638408661,1.1910204875675845e-06,300000.0,True
726,0.24053624272346497,1.1866144404848455e-06,300000.0,True
727,0.3043147921562195,1.1884663990713307e-06,300000.0,True
728,0.14040599763393402,1.1876753660544637e-06,300000.0,True
729,0.24273958802223206,1.185734618047718e-06,300000.0,True
730,0.2011391669511795,1.2022188684568391e-06,300000.0,True
731,0.2571469843387604,1.2243528999533737e-06,300000.0,True
732,0.2797795832157135,1.2446216715034097e-06,300000.0,True
733,0.33105334639549255,1.2546159950943547e-06,300000.0,True
734,0.3564222455024719,1.26560826174682e-06,300000.0,True
735,0.17243915796279907,1.273524389944214e-06,300000.0,True
736,0.2550504803657532,1.2737858696709736e-06,300000.0,True
737,0.35023033618927,1.2707876066997414e-06,300000.0,True
738,0.26355406641960144,1.264582806470571e-06,300000.0,True
739,0.1655167192220688,1.2604928087966982e-06,300000.0,True
740,0.26729053258895874,1.2549827488328447e-06,300000.0,True
741,0.28882884979248047,1.2509283351391787e-06,300000.0,True
742,0.3031761348247528,1.2454335092115798e-06,300000.0,True
743,0.24243004620075226,1.237094693351537e-06,300000.0,True
744,0.2125798761844635,1.227690859195718e-06,300000.0,True
745,0.36508333683013916,1.2193008842587005e-06,300000.0,True
746,0.2304103821516037,1.2135920997025096e-06,300000.0,True
747,0.2490842342376709,1.2099587820557645e-06,300000.0,True
748,0.19397369027137756,1.207497689392767e-06,300000.0,True
749,0.2736823260784149,1.200707060888817e-06,300000.0,True
750,0.32721537351608276,1.191823116641899e-06,300000.0,True
751,0.3897264301776886,1.1828651622636244e-06,300000.0,True
752,0.31590667366981506,1.1759689186874311e-06,300000.0,True
753,0.29989439249038696,1.1745820529540651e-06,300000.0,True
754,0.3491070568561554,1.174221097244299e-06,300000.0,True
755,0.279264897108078,1.1803591632997268e-06,300000.0,True
756,0.2006910741329193,1.1849489283122239e-06,300000.0,True
757,0.12935496866703033,1.1862790643135668e-06,300000.0,True
758,0.21286170184612274,1.1887565278811962e-06,300000.0,True
759,0.22654101252555847,1.1886335187227814e-06,300000.0,True
760,0.19351544976234436,1.1852602028739057e-06,300000.0,True
761,0.18756315112113953,1.181277525574842e-06,300000.0,True
762,0.22339902818202972,1.1775184702855768e-06,300000.0,True
763,0.21825870871543884,1.1752621276173159e-06,300000.0,True
764,0.26295772194862366,1.1695199191308348e-06,300000.0,True
765,0.22291299700737,1.161969635177229e-06,300000.0,True
766,0.18517732620239258,1.1512377113831462e-06,300000.0,True
767,0.2867773473262787,1.1405783197915298e-06,300000.0,True
768,0.1162557303905487,1.1446985581642366e-06,300000.0,True
769,0.2814011573791504,1.148710339293757e-06,300000.0,True
770,0.11222577840089798,1.1520854741320363e-06,300000.0,True
771,0.25010576844215393,1.148511046267231e-06,300000.0,True
772,0.17742615938186646,1.1466620435385266e-06,300000.0,True
773,0.16208544373512268,1.1416863117119647e-06,300000.0,True
774,0.20587877929210663,1.1388970051484648e-06,300000.0,True
775,0.2468438297510147,1.134933995672327e-06,300000.0,True
776,0.33952614665031433,1.1379252100596204e-06,300000.0,True
777,0.1757996380329132,1.146570411947323e-06,300000.0,True
778,0.09972471743822098,1.17256593057391e-06,300000.0,True
779,0.14736486971378326,1.198579411720857e-06,300000.0,True
780,0.16513913869857788,1.2083639830962056e-06,300000.0,True
781,0.1653735190629959,1.213181121784146e-06,300000.0,True
782,0.17669694125652313,1.2098291790607618e-06,300000.0,True
783,0.22659310698509216,1.2037618262183969e-06,300000.0,True
784,0.3300299346446991,1.1970658988502691e-06,300000.0,True
785,0.23942872881889343,1.189546424029686e-06,300000.0,True
786,0.11715738475322723,1.1899712717422517e-06,300000.0,True
787,0.21069271862506866,1.1870743037434295e-06,300000.0,True
788,0.12295162677764893,1.179124978989421e-06,300000.0,True
789,0.19927090406417847,1.1682792546707788e-06,300000.0,True
790,0.17988574504852295,1.1604947758314665e-06,300000.0,True
791,0.12106829136610031,1.1544981362021645e-06,300000.0,True
792,0.2292080521583557,1.147198872786248e-06,300000.0,True
793,0.19305792450904846,1.1397942216717638e-06,300000.0,True
794,0.12492629140615463,1.13057126327476e-06,300000.0,True
795,0.2107219099998474,1.1220179203519365e-06,300000.0,True
796,0.1781548410654068,1.1180839010194177e-06,300000.0,True
797,0.31432291865348816,1.1128187225040165e-06,300000.0,True
798,0.13574868440628052,1.1196917739653145e-06,300000.0,True
799,0.20774683356285095,1.1270448112554732e-06,300000.0,True
800,0.16235485672950745,1.1329634617140982e-06,300000.0,True
801,0.1395133137702942,1.1351041848683963e-06,300000.0,True
802,0.18893106281757355,1.1320886414978304e-06,300000.0,True
803,0.28364211320877075,1.1269537480984582e-06,300000.0,True
804,0.07993454486131668,1.1218511417609989e-06,300000.0,True
805,0.27884694933891296,1.1130877055620658e-06,300000.0,True
806,0.16706201434135437,1.1103999213446514e-06,300000.0,True
807,0.24107006192207336,1.106802642425464e-06,300000.0,True
808,0.18134215474128723,1.107237153519236e-06,300000.0,True
809,0.24934907257556915,1.105529349842982e-06,300000.0,True
810,0.19706453382968903,1.1064230420743115e-06,300000.0,True
811,0.2567597031593323,1.1063498277508188e-06,300000.0,True
812,0.2122424840927124,1.1084573543485021e-06,300000.0,True
813,0.26222917437553406,1.10937708086567e-06,300000.0,True
814,0.21027840673923492,1.1117523399661877e-06,300000.0,True
815,0.20112915337085724,1.1133644193250802e-06,300000.0,True
816,0.10514316707849503,1.1112808806501562e-06,300000.0,True
817,0.20985962450504303,1.1091752867287141e-06,300000.0,True
818,0.17915698885917664,1.1078442412326694e-06,300000.0,True
819,0.16640232503414154,1.105645310417458e-06,300000.0,True
820,0.179161936044693,1.1022425496776123e-06,300000.0,True
821,0.2225484400987625,1.0966260788336513e-06,300000.0,True
822,0.16807012259960175,1.0928500842055655e-06,300000.0,True
823,0.16884759068489075,1.0921623925241875e-06,300000.0,True
824,0.29709458351135254,1.0918577117990935e-06,300000.0,True
825,0.18524417281150818,1.0890873909374932e-06,300000.0,True
826,0.21030884981155396,1.0871438007598044e-06,300000.0,True
827,0.20286084711551666,1.0838921298272908e-06,300000.0,True
828,0.19958467781543732,1.088071030608262e-06,300000.0,True
829,0.19654828310012817,1.0963614158754353e-06,300000.0,True
830,0.17591483891010284,1.0978149020957062e-06,300000.0,True
831,0.2723885178565979,1.1020443935194635e-06,300000.0,True
832,0.2284499704837799,1.1019627663699794e-06,300000.0,True
833,0.19953584671020508,1.1028655535483267e-06,300000.0,True
834,0.1686393916606903,1.1020116517101997e-06,300000.0,True
835,0.14068691432476044,1.1112377933386597e-06,300000.0,True
836,0.11678653210401535,1.124178879763349e-06,300000.0,True
837,0.2501591742038727,1.1296698403384653e-06,300000.0,True
838,0.2726634442806244,1.1354597972967895e-06,300000.0,True
839,0.27360254526138306,1.136927721745451e-06,300000.0,True
840,0.290898859500885,1.1340674745952128e-06,300000.0,True
841,0.19592395424842834,1.1301481208647601e-06,300000.0,True
842,0.22667576372623444,1.1209002650502953e-06,300000.0,True
843,0.14865326881408691,1.119714852393372e-06,300000.0,True
844,0.14745792746543884,1.1184822596987942e-06,300000.0,True
845,0.19722948968410492,1.1169702247570967e-06,300000.0,True
846,0.1654980182647705,1.1137331057398114e-06,300000.0,True
847,0.19604578614234924,1.1098243248852668e-06,300000.0,True
848,0.13628622889518738,1.1180917454112205e-06,300000.0,True
849,0.1741706281900406,1.12984923816839e-06,300000.0,True
850,0.18066498637199402,1.1404468978071236e-06,300000.0,True
851,0.25937819480895996,1.1422998795751482e-06,300000.0,True
852,0.13481618463993073,1.1399832828828949e-06,300000.0,True
853,0.13927413523197174,1.135777324634546e-06,300000.0,True
854,0.22327382862567902,1.1322269983793376e-06,300000.0,True
855,0.28843432664871216,1.145475948760577e-06,300000.0,True
856,0.18062050640583038,1.161572299679392e-06,300000.0,True
857,0.1345832496881485,1.1686053085213643e-06,300000.0,True
858,0.17418865859508514,1.1693708756865817e-06,300000.0,True
859,0.2772024869918823,1.1727704531949712e-06,300000.0,True
860,0.1939917802810669,1.1793738394771935e-06,300000.0,True
861,0.22191829979419708,1.1837586271212786e-06,300000.0,True
862,0.17356225848197937,1.1832903510367032e-06,300000.0,True
863,0.1672152876853943,1.1783937452491955e-06,300000.0,True
864,0.17709074914455414,1.1704607913998188e-06,300000.0,True
865,0.23634526133537292,1.1610685533014475e-06,300000.0,True
866,0.2019740343093872,1.151350147665653e-06,300000.0,True
867,0.19706980884075165,1.1385343441361329e-06,300000.0,True
868,0.21363751590251923,1.127683617596631e-06,300000.0,True
869,0.3236764967441559,1.1165586784045445e-06,300000.0,True
870,0.18947820365428925,1.108670176108717e-06,300000.0,True
871,0.2850247919559479,1.1041588550142478e-06,300000.0,True
872,0.2490510642528534,1.1023312254110351e-06,300000.0,True
873,0.13449670374393463,1.101166958505928e-06,300000.0,True
874,0.2625521719455719,1.0974464430546504e-06,300000.0,True
875,0.1306038349866867,1.0940559604932787e-06,300000.0,True
876,0.17191898822784424,1.087820237444248e-06,300000.0,True
877,0.2239413559436798,1.0819491080837906e-06,300000.0,True
878,0.19129689037799835,1.076481112249894e-06,300000.0,True
879,0.15755191445350647,1.0707285582611803e-06,300000.0,True
880,0.22904859483242035,1.0660091902536806e-06,300000.0,True
881,0.30790597200393677,1.060584509104956e-06,300000.0,True
882,0.1863742172718048,1.0577265356914722e-06,300000.0,True
883,0.2900277078151703,1.054389713317505e-06,300000.0,True
884,0.13124631345272064,1.0527834319873364e-06,300000.0,True
885,0.27000391483306885,1.0459664281370351e-06,300000.0,True
886,0.27572280168533325,1.042066060108482e-06,300000.0,True
887,0.18223901093006134,1.0383638482380775e-06,300000.0,True
888,0.25185373425483704,1.0369099072704557e-06,300000.0,True
889,0.27903369069099426,1.0365033631387632e-06,300000.0,True
890,0.18942314386367798,1.0362141438235994e-06,300000.0,True
891,0.17434938251972198,1.0368490848122747e-06,300000.0,True
892,0.2547166645526886,1.0431615464767674e-06,300000.0,True
893,0.2821238338947296,1.049884076564922e-06,300000.0,True
894,0.3489777147769928,1.0550731985858874e-06,300000.0,True
895,0.1931520402431488,1.0602043403196149e-06,300000.0,True
896,0.10413052886724472,1.0627925348671852e-06,300000.0,True
897,0.17245201766490936,1.0607906233417452e-06,300000.0,True
898,0.3694157004356384,1.0641005019351724e-06,300000.0,True
899,0.22035372257232666,1.0715400549088372e-06,300000.0,True
900,0.1785852313041687,1.0764509852378978e-06,300000.0,True
901,0.21386606991291046,1.078187779057771e-06,300000.0,True
902,0.2526337206363678,1.0791043223434826e-06,300000.0,True
903,0.15786617994308472,1.0791346767291543e-06,300000.0,True
904,0.272950679063797,1.0755215953395236e-06,300000.0,True
905,0.21669790148735046,1.0794589115903364e-06,300000.0,True
906,0.25061944127082825,1.0824359151229146e-06,300000.0,True
907,0.12902095913887024,1.082944208974368e-06,300000.0,True
908,0.17048689723014832,1.0789791531351511e-06,300000.0,True
909,0.24244774878025055,1.0738810942712007e-06,300000.0,True
910,0.2117391973733902,1.071188535206602e-06,300000.0,True
911,0.20738184452056885,1.0676802730813506e-06,300000.0,True
912,0.1685568392276764,1.0639072343110456e-06,300000.0,True
913,0.12837213277816772,1.059620672094752e-06,300000.0,True
914,0.11359091848134995,1.0547112196945818e-06,300000.0,True
915,0.15287454426288605,1.0489826536286273e-06,300000.0,True
916,0.2673698365688324,1.0408865591671201e-06,300000.0,True
917,0.28761979937553406,1.032964405567327e-06,300000.0,True
918,0.19055625796318054,1.0254752851324156e-06,300000.0,True
919,0.22445283830165863,1.0183914582739817e-06,300000.0,True
920,0.19236308336257935,1.0120868410012918e-06,300000.0,True
921,0.2448485791683197,1.0092882121170987e-06,300000.0,True
922,0.1640842854976654,1.0159513976759627e-06,300000.0,True
923,0.21194739639759064,1.0224400739389239e-06,300000.0,True
924,0.29480862617492676,1.0271158998875762e-06,300000.0,True
925,0.15881477296352386,1.0292867500538705e-06,300000.0,True
926,0.16839678585529327,1.0279876505592256e-06,300000.0,True
927,0.23551905155181885,1.024038397190452e-06,300000.0,True
928,0.23882272839546204,1.0201672466791933e-06,300000.0,True
929,0.1438242495059967,1.0153519269806566e-06,300000.0,True
930,0.1658455729484558,1.0130967211807729e-06,300000.0,True
931,0.2122107297182083,1.011321842270263e-06,300000.0,True
932,0.241927832365036,1.0095050129166339e-06,300000.0,True
933,0.22159989178180695,1.00917986856075e-06,300000.0,True
934,0.29090267419815063,1.0059821988761541e-06,300000.0,True
935,0.17717890441417694,1.0032285899796989e-06,300000.0,True
936,0.2970685064792633,1.0005543344959733e-06,300000.0,True
937,0.23944365978240967,9.980044524127152e-07,300000.0,True
938,0.22603383660316467,9.943820487023913e-07,300000.0,True
939,0.2152034342288971,9.91333649835724e-07,300000.0,True
940,0.25602400302886963,9.89162231235241e-07,300000.0,True
941,0.18310268223285675,9.858978273769026e-07,300000.0,True
942,0.176869198679924,9.844743544817902e-07,300000.0,True
943,0.22610688209533691,9.840116490522632e-07,300000.0,True
944,0.18733200430870056,9.819121942200582e-07,300000.0,True
945,0.20742201805114746,9.802429303817917e-07,300000.0,True
946,0.15127381682395935,9.798935707294731e-07,300000.0,True
947,0.10569224506616592,9.790753665583907e-07,300000.0,True
948,0.23046956956386566,9.786599548533559e-07,300000.0,True
949,0.23465001583099365,9.775546914170263e-07,300000.0,True
950,0.19699007272720337,9.749336413733545e-07,300000.0,True
951,0.39122679829597473,9.732715398058644e-07,300000.0,True
952,0.20052815973758698,9.727466476761037e-07,300000.0,True
953,0.10859665274620056,9.707564458949491e-07,300000.0,True
954,0.13707223534584045,9.691937066236278e-07,300000.0,True
955,0.20968715846538544,9.659329407440964e-07,300000.0,True
956,0.224757581949234,9.624627637094818e-07,300000.0,True
957,0.25178033113479614,9.596249128662748e-07,300000.0,True
958,0.27804622054100037,9.58846044341044e-07,300000.0,True
959,0.17533130943775177,9.585455700289458e-07,300000.0,True
960,0.20341821014881134,9.572189583195723e-07,300000.0,True
961,0.24560941755771637,9.564855645294301e-07,300000.0,True
962,0.1821838617324829,9.547076160743018e-07,300000.0,True
963,0.24480003118515015,9.539950269754627e-07,300000.0,True
964,0.3697236180305481,9.547759418637725e-07,300000.0,True
965,0.16862550377845764,9.594964467396494e-07,300000.0,True
966,0.19899895787239075,9.651489563111681e-07,300000.0,True
967,0.23457910120487213,9.708370498628938e-07,300000.0,True
968,0.1999720185995102,9.747850526764523e-07,300000.0,True
969,0.2125871479511261,9.760716466189479e-07,300000.0,True
970,0.21581728756427765,9.766605444383458e-07,300000.0,True
971,0.24103140830993652,9.751468041940825e-07,300000.0,True
972,0.20872314274311066,9.733491879160283e-07,300000.0,True
973,0.13600994646549225,9.711234270071145e-07,300000.0,True
974,0.2854614555835724,9.671293810242787e-07,300000.0,True
975,0.28847232460975647,9.649887715568184e-07,300000.0,True
976,0.17916251718997955,9.622555126043153e-07,300000.0,True
977,0.16613708436489105,9.596462859917665e-07,300000.0,True
978,0.2668556272983551,9.563199228068697e-07,300000.0,True
979,0.14291051030158997,9.532025160297053e-07,300000.0,True
980,0.17097525298595428,9.495760195932235e-07,300000.0,True
981,0.22379092872142792,9.458466934120224e-07,300000.0,True
982,0.19866769015789032,9.427968166164646e-07,300000.0,True
983,0.197611004114151,9.432216074856115e-07,300000.0,True
984,0.22124721109867096,9.454298606215161e-07,300000.0,True
985,0.24208803474903107,9.476690365772811e-07,300000.0,True
986,0.2079065591096878,9.477852245254326e-07,300000.0,True
987,0.18041741847991943,9.468076314078644e-07,300000.0,True
988,0.2035323679447174,9.437293897462951e-07,300000.0,True
989,0.24488823115825653,9.413696488991263e-07,300000.0,True
990,0.2572813630104065,9.386079682371928e-07,300000.0,True
991,0.20653776824474335,9.377822038914019e-07,300000.0,True
992,0.24812932312488556,9.366073072669678e-07,300000.0,True
993,0.20164240896701813,9.426611313756439e-07,300000.0,True
994,0.17596857249736786,9.500666351414111e-07,300000.0,True
995,0.23102115094661713,9.545602779326146e-07,300000.0,True
996,0.20531076192855835,9.56726125878049e-07,300000.0,True
997,0.2155182808637619,9.559546469972702e-07,300000.0,True
998,0.2285805195569992,9.551721404932323e-07,300000.0,True
999,0.30264222621917725,9.549319202051265e-07,300000.0,True
1000,0.20203480124473572,9.562406830809778e-07,300000.0,True
1001,0.2614808678627014,9.555527640259243e-07,300000.0,True
1002,0.26249584555625916,9.544370414005243e-07,300000.0,True
1003,0.15406674146652222,9.529260296403663e-07,300000.0,True
1004,0.20598256587982178,9.50413777900394e-07,300000.0,True
1005,0.20730192959308624,9.463773267270881e-07,300000.0,True
1006,0.244982048869133,9.423280289411196e-07,300000.0,True
1007,0.4733334481716156,9.390780633111717e-07,300000.0,True
1008,0.18200860917568207,9.402078831044491e-07,300000.0,True
1009,0.12772437930107117,9.398044085173751e-07,300000.0,True
1010,0.15349312126636505,9.381728318658134e-07,300000.0,True
1011,0.15001139044761658,9.361222055304097e-07,300000.0,True
1012,0.17353498935699463,9.34084255277412e-07,300000.0,True
1013,0.07324159145355225,9.309532629231398e-07,300000.0,True
1014,0.2172122597694397,9.28259908050677e-07,300000.0,True
1015,0.1291244626045227,9.272047805097827e-07,300000.0,True
1016,0.0884815976023674,9.281591815124557e-07,300000.0,True
1017,0.1670781821012497,9.323139806838299e-07,300000.0,True
1018,0.10980217158794403,9.351368248644576e-07,300000.0,True
1019,0.13084742426872253,9.39572885272355e-07,300000.0,True
1020,0.23418483138084412,9.415801969225868e-07,300000.0,True
1021,0.11725182831287384,9.422115567758738e-07,300000.0,True
1022,0.12292920053005219,9.397338658345689e-07,300000.0,True
1023,0.1352178007364273,9.362465220874583e-07,300000.0,True
1024,0.14397095143795013,9.323588869847299e-07,300000.0,True
1025,0.14608460664749146,9.27146288631775e-07,300000.0,True
1026,0.1398945450782776,9.225778967447695e-07,300000.0,True
1027,0.1994718760251999,9.171840247290675e-07,300000.0,True
1028,0.16185477375984192,9.124478879130038e-07,300000.0,True
1029,0.17778868973255157,9.09070081434038e-07,300000.0,True
1030,0.14251023530960083,9.063446668733377e-07,300000.0,True
1031,0.07051096856594086,9.045834872267733e-07,300000.0,True
1032,0.1381859928369522,9.01357395832747e-07,300000.0,True
1033,0.1521153301000595,8.988395734377264e-07,300000.0,True
1034,0.1493019014596939,8.962880997387401e-07,300000.0,True
1035,0.11168121546506882,8.940064617490862e-07,300000.0,True
1036,0.12221778184175491,8.918462981455377e-07,300000.0,True
1037,0.10448835045099258,8.89422437921894e-07,300000.0,True
1038,0.21750523149967194,8.866263669915497e-07,300000.0,True
1039,0.13901466131210327,8.845393040246563e-07,300000.0,True
1040,0.12100406736135483,8.826427801977843e-07,300000.0,True
1041,0.11179795116186142,8.807991775938717e-07,300000.0,True
1042,0.21497830748558044,8.793576853349805e-07,300000.0,True
1043,0.1658482402563095,8.82019321579719e-07,300000.0,True
1044,0.171599343419075,8.858039564074716e-07,300000.0,True
1045,0.09458114206790924,8.890143021744734e-07,300000.0,True
1046,0.24508711695671082,8.900637453734817e-07,300000.0,True
1047,0.17380483448505402,8.913371516428015e-07,300000.0,True
1048,0.16142864525318146,8.915657190300408e-07,300000.0,True
1049,0.0988251194357872,8.908700692700222e-07,300000.0,True
1050,0.13705363869667053,8.886233331395488e-07,300000.0,True
1051,0.29225024580955505,8.869655516718922e-07,300000.0,True
1052,0.2622360289096832,8.857374496074044e-07,300000.0,True
1053,0.10101576149463654,8.851408779264602e-07,300000.0,True
1054,0.11802926659584045,8.834113600642013e-07,300000.0,True
1055,0.19237907230854034,8.815895284897124e-07,300000.0,True
1056,0.1437111347913742,8.831115678731294e-07,300000.0,True
1057,0.18687067925930023,8.844597232382512e-07,300000.0,True
1058,0.21117296814918518,8.850619224176626e-07,300000.0,True
1059,0.15929310023784637,8.844440912980644e-07,300000.0,True
1060,0.14624084532260895,8.85299414221663e-07,300000.0,True
1061,0.1997298151254654,8.864269034347672e-07,300000.0,True
1062,0.23130172491073608,8.865723089002131e-07,300000.0,True
1063,0.10717828571796417,8.867839937920508e-07,300000.0,True
1064,0.19910727441310883,8.858265800881782e-07,300000.0,True
1065,0.14275667071342468,8.842491183713719e-07,300000.0,True
1066,0.19381044805049896,8.828553177409049e-07,300000.0,True
1067,0.22489453852176666,8.814850502858462e-07,300000.0,True
1068,0.1943197101354599,8.801158060123271e-07,300000.0,True
1069,0.14101530611515045,8.782570262155787e-07,300000.0,True
1070,0.09663587063550949,8.771159514253668e-07,300000.0,True
1071,0.19537216424942017,8.754238365327183e-07,300000.0,True
1072,0.1108536422252655,8.76409785632859e-07,300000.0,True
1073,0.12151069939136505,8.774808861744532e-07,300000.0,True
1074,0.16907823085784912,8.772213391239347e-07,300000.0,True
1075,0.15838180482387543,8.76455942488974e-07,300000.0,True
1076,0.19634616374969482,8.741364467823587e-07,300000.0,True
1077,0.1884896457195282,8.745589639147511e-07,300000.0,True
1078,0.12435521185398102,8.756787224228901e-07,300000.0,True
1079,0.13066788017749786,8.760811738284247e-07,300000.0,True
1080,0.1982494592666626,8.755567364460148e-07,300000.0,True
1081,0.13805320858955383,8.746058028918924e-07,300000.0,True
1082,0.2024708390235901,8.727587328394293e-07,300000.0,True
1083,0.13915440440177917,8.708803989065927e-07,300000.0,True
1084,0.173440083861351,8.686998285156733e-07,300000.0,True
1085,0.23174358904361725,8.663106427775347e-07,300000.0,True
1086,0.1971585601568222,8.637134669697843e-07,300000.0,True
1087,0.2420637458562851,8.613804425294802e-07,300000.0,True
1088,0.16091878712177277,8.608857910985535e-07,300000.0,True
1089,0.13203968107700348,8.601607532909838e-07,300000.0,True
1090,0.1932062804698944,8.585026876062329e-07,300000.0,True
1091,0.23175948858261108,8.577914059060276e-07,300000.0,True
1092,0.12591758370399475,8.574127150495769e-07,300000.0,True
1093,0.17945468425750732,8.572486080993258e-07,300000.0,True
1094,0.13844798505306244,8.563278584006184e-07,300000.0,True
1095,0.15026076138019562,8.550105121685192e-07,300000.0,True
1096,0.15356488525867462,8.527973136551736e-07,300000.0,True
1097,0.17955531179904938,8.507731763529591e-07,300000.0,True
1098,0.15916255116462708,8.486170486321498e-07,300000.0,True
1099,0.14397183060646057,8.469423846690916e-07,300000.0,True
1100,0.13447538018226624,8.450413702121296e-07,300000.0,True
1101,0.19805781543254852,8.43098518998886e-07,300000.0,True
1102,0.11435990780591965,8.417976573582564e-07,300000.0,True
1103,0.22369198501110077,8.400637625527452e-07,300000.0,True
1104,0.15823262929916382,8.387696084355412e-07,300000.0,True
1105,0.1669844090938568,8.379046221307362e-07,300000.0,True
1106,0.15328533947467804,8.369669899366272e-07,300000.0,True
1107,0.22168561816215515,8.361885193153284e-07,300000.0,True
1108,0.2056650072336197,8.35723142245115e-07,300000.0,True
1109,0.13046079874038696,8.350920666089223e-07,300000.0,True
1110,0.13217392563819885,8.341825150637305e-07,300000.0,True
1111,0.18730854988098145,8.330102332365641e-07,300000.0,True
1112,0.13843397796154022,8.320129154526512e-07,300000.0,True
1113,0.23347324132919312,8.318385766870051e-07,300000.0,True
1114,0.1810496300458908,8.325134217557206e-07,300000.0,True
1115,0.10492219030857086,8.332648349096416e-07,300000.0,True
1116,0.20102731883525848,8.339260944012494e-07,300000.0,True
1117,0.18591369688510895,8.343048989445379e-07,300000.0,True
1118,0.10893810540437698,8.356022931366169e-07,300000.0,True
1119,0.08869682997465134,8.360309493582463e-07,300000.0,True
1120,0.09383788704872131,8.357820888704737e-07,300000.0,True
1121,0.09969569742679596,8.348504820787639e-07,300000.0,True
1122,0.16262894868850708,8.334788503816526e-07,300000.0,True
1123,0.14938509464263916,8.32181683563249e-07,300000.0,True
1124,0.22406649589538574,8.308783208121895e-07,300000.0,True
1125,0.18771208822727203,8.31927252420428e-07,300000.0,True
1126,0.12371119856834412,8.331292633556586e-07,300000.0,True
1127,0.15645214915275574,8.327253340212337e-07,300000.0,True
1128,0.1284891664981842,8.31647923860146e-07,300000.0,True
1129,0.12154893577098846,8.299851401716296e-07,300000.0,True
1130,0.19515983760356903,8.282080443677842e-07,300000.0,True
1131,0.2463235706090927,8.264642019639723e-07,300000.0,True
1132,0.14032238721847534,8.261558264166524e-07,300000.0,True
1133,0.1542130708694458,8.254442604993528e-07,300000.0,True
1134,0.17407310009002686,8.242323019658215e-07,300000.0,True
1135,0.1595863401889801,8.226673458011646e-07,300000.0,True
1136,0.16175633668899536,8.207011887861881e-07,300000.0,True
1137,0.13696660101413727,8.192771474568872e-07,300000.0,True
1138,0.16531279683113098,8.176249366442789e-07,300000.0,True
1139,0.16625410318374634,8.158886544151756e-07,300000.0,True
1140,0.250248521566391,8.141606713252258e-07,300000.0,True
1141,0.21021653711795807,8.127314004013897e-07,300000.0,True
1142,0.14192162454128265,8.118813639157452e-07,300000.0,True
1143,0.19962039589881897,8.115144396469987e-07,300000.0,True
1144,0.21145489811897278,8.109797704491939e-07,300000.0,True
1145,0.14723853766918182,8.106048881018069e-07,300000.0,True
1146,0.252224326133728,8.100876698335924e-07,300000.0,True
1147,0.15354923903942108,8.097977683974023e-07,300000.0,True
1148,0.19717024266719818,8.09169762305828e-07,300000.0,True
1149,0.17598587274551392,8.083711691142526e-07,300000.0,True
1150,0.13284830749034882,8.074337074504001e-07,300000.0,True
1151,0.17073599994182587,8.061133485171013e-07,300000.0,True
1152,0.1348559409379959,8.047247774811694e-07,300000.0,True
1153,0.31715258955955505,8.041590149332478e-07,300000.0,True
1154,0.09816992282867432,8.040166790124204e-07,300000.0,True
1155,0.18900559842586517,8.035644896153826e-07,300000.0,True
1156,0.11457114666700363,8.028841307350376e-07,300000.0,True
1157,0.19364601373672485,8.019880510801158e-07,300000.0,True
1158,0.12349643558263779,8.019963502192695e-07,300000.0,True
1159,0.18216490745544434,8.021751227715868e-07,300000.0,True
1160,0.0920301079750061,8.020729751478939e-07,300000.0,True
1161,0.19418752193450928,8.012072498786438e-07,300000.0,True
1162,0.14497488737106323,8.003788707355852e-07,300000.0,True
1163,0.210185706615448,7.991393999873253e-07,300000.0,True
1164,0.176507830619812,7.979272709235374e-07,300000.0,True
1165,0.1261390596628189,7.968826594151324e-07,300000.0,True
1166,0.13996265828609467,7.957782486300857e-07,300000.0,True
1167,0.1548650860786438,7.945179163471039e-07,300000.0,True
1168,0.17882142961025238,7.932940775390307e-07,300000.0,True
1169,0.14414049685001373,7.921630071905383e-07,300000.0,True
1170,0.11629899591207504,7.911447710284847e-07,300000.0,True
1171,0.17482611536979675,7.897685350144457e-07,300000.0,True
1172,0.17670980095863342,7.884982551331632e-07,300000.0,True
1173,0.13267913460731506,7.877308689785423e-07,300000.0,True
1174,0.0914507582783699,7.871602178965986e-07,300000.0,True
1175,0.1573236882686615,7.866876785556087e-07,300000.0,True
1176,0.17858631908893585,7.862907978051226e-07,300000.0,True
1177,0.15272606909275055,7.857457262616663e-07,300000.0,True
1178,0.1656065285205841,7.848525456211064e-07,300000.0,True
1179,0.13831286132335663,7.840639000278316e-07,300000.0,True
1180,0.1755216419696808,7.830026333977003e-07,300000.0,True
1181,0.19138291478157043,7.819289749022573e-07,300000.0,True
1182,0.12044209241867065,7.810319289092149e-07,300000.0,True
1183,0.14897172152996063,7.807004180904187e-07,300000.0,True
1184,0.18340004980564117,7.803014341334347e-07,300000.0,True
1185,0.15440088510513306,7.800787784617569e-07,300000.0,True
1186,0.1944485455751419,7.798370802447607e-07,300000.0,True
1187,0.18119603395462036,7.795863439241657e-07,300000.0,True
1188,0.2263822704553604,7.79372214765317e-07,300000.0,True
1189,0.15637119114398956,7.791803682266618e-07,300000.0,True
1190,0.20544396340847015,7.787434128658788e-07,300000.0,True
1191,0.11631345003843307,7.782125521771377e-07,300000.0,True
1192,0.11193956434726715,7.780587907291192e-07,300000.0,True
1193,0.12951867282390594,7.776944812576403e-07,300000.0,True
1194,0.17262616753578186,7.771843115733645e-07,300000.0,True
1195,0.12010540813207626,7.768595651214127e-07,300000.0,True
1196,0.1289079338312149,7.76794138346304e-07,300000.0,True
1197,0.22601056098937988,7.76405727265228e-07,300000.0,True
1198,0.11393412202596664,7.759998652545619e-07,300000.0,True
1199,0.1842402219772339,7.754038051643874e-07,300000.0,True
1200,0.26040446758270264,7.748378720862092e-07,300000.0,True
1201,0.12817412614822388,7.742173693259247e-07,300000.0,True
1202,0.11943139880895615,7.734668088232866e-07,300000.0,True
1203,0.2451028674840927,7.726409876340767e-07,300000.0,True
1204,0.23990371823310852,7.721390034021169e-07,300000.0,True
1205,0.12494086474180222,7.71838415403181e-07,300000.0,True
1206,0.15654438734054565,7.716390655332361e-07,300000.0,True
1207,0.1984959989786148,7.714777439105092e-07,300000.0,True
1208,0.17186559736728668,7.713477998549934e-07,300000.0,True
1209,0.20795688033103943,7.710909812885802e-07,300000.0,True
1210,0.12917034327983856,7.70823191942327e-07,300000.0,True
1211,0.09297027438879013,7.70411929806869e-07,300000.0,True
1212,0.20703381299972534,7.697416322116624e-07,300000.0,True
1213,0.21440815925598145,7.690898655710043e-07,300000.0,True
1214,0.22495989501476288,7.684342335778638e-07,300000.0,True
1215,0.16455887258052826,7.678321480852901e-07,300000.0,True
1216,0.12998200953006744,7.671646926610265e-07,300000.0,True
1217,0.14268073439598083,7.664587542421941e-07,300000.0,True
1218,0.16121776401996613,7.658613867533859e-07,300000.0,True
1219,0.22985780239105225,7.652590738871368e-07,300000.0,True
1220,0.15459607541561127,7.647910251762369e-07,300000.0,True
1221,0.1590917706489563,7.643961907888297e-07,300000.0,True
1222,0.15731032192707062,7.640221042493067e-07,300000.0,True
1223,0.13896843791007996,7.636170380465046e-07,300000.0,True
1224,0.17289115488529205,7.632055485373712e-07,300000.0,True
1225,0.15731871128082275,7.627403988408332e-07,300000.0,True
1226,0.11949827522039413,7.623340252393973e-07,300000.0,True
1227,0.19589966535568237,7.620261612828472e-07,300000.0,True
1228,0.24227984249591827,7.617589972142014e-07,300000.0,True
1229,0.19425931572914124,7.616771995344607e-07,300000.0,True
1230,0.12155436724424362,7.615346362399578e-07,300000.0,True
1231,0.1021619364619255,7.612574108861736e-07,300000.0,True
1232,0.2166920006275177,7.609279464304564e-07,300000.0,True
1233,0.1495896726846695,7.605888185935328e-07,300000.0,True
1234,0.13077278435230255,7.60189720949711e-07,300000.0,True
1235,0.13176243007183075,7.598651450280158e-07,300000.0,True
1236,0.1759520322084427,7.595633064738649e-07,300000.0,True
1237,0.16585201025009155,7.592680617563019e-07,300000.0,True
1238,0.17181114852428436,7.589525239382056e-07,300000.0,True
1239,0.1212216168642044,7.586033348161436e-07,300000.0,True
1240,0.16455039381980896,7.582671059935819e-07,300000.0,True
1241,0.07708164304494858,7.579366183563252e-07,300000.0,True
1242,0.17198362946510315,7.575446829832799e-07,300000.0,True
1243,0.14095328748226166,7.571761670988053e-07,300000.0,True
1244,0.16063334047794342,7.568579576400225e-07,300000.0,True
1245,0.19858232140541077,7.565627697658783e-07,300000.0,True
1246,0.15346866846084595,7.563053827652766e-07,300000.0,True
1247,0.08861665427684784,7.560694257335854e-07,300000.0,True
1248,0.12139368802309036,7.558035122201545e-07,300000.0,True
1249,0.16547130048274994,7.555747174592398e-07,300000.0,True
1250,0.15808887779712677,7.55354506054573e-07,300000.0,True
1251,0.22066771984100342,7.551612952738651e-07,300000.0,True
1252,0.10145380347967148,7.549953693342104e-07,300000.0,True
1253,0.141972154378891,7.548391636191809e-07,300000.0,True
1254,0.14055311679840088,7.546915412603994e-07,300000.0,True
1255,0.17101721465587616,7.545519338236772e-07,300000.0,True
1256,0.15838851034641266,7.54435234284756e-07,300000.0,True
1257,0.11572176218032837,7.54342522668594e-07,300000.0,True
1258,0.18811647593975067,7.542698767792899e-07,300000.0,True
1259,0.08951510488986969,7.542245725744579e-07,300000.0,True
